UID,SHS_Score,H_pct,E_pct,Length
Q967Z0,1.9855,99.28,0.0,692
P41114,1.9752,98.76,0.0,242
A7UMC0,1.9718,98.59,0.0,284
O02389,1.9648,98.24,0.0,284
Q9GZ69,1.9648,98.24,0.0,284
P91958,1.9648,98.24,0.0,284
O01673,1.9648,98.24,0.0,284
Q9GZ70,1.9648,98.24,0.0,284
Q25457,1.9648,98.24,0.0,284
Q1HPU0,1.9648,98.24,0.0,284
P09491,1.9648,98.24,0.0,284
O97192,1.9577,97.89,0.0,284
Q9NAS5,1.9577,97.89,0.0,284
Q25145,1.9577,97.89,0.0,284
Q2V0V2,1.9577,97.89,0.0,284
Q8T380,1.9577,97.89,0.0,284
P43689,1.9577,97.89,0.0,284
Q22866,1.9577,97.89,0.0,284
P15846,1.9577,97.89,0.0,284
Q9BMQ6,1.9561,97.81,0.0,638
Q23758,1.9507,97.54,0.0,284
Q9GZ71,1.9507,97.54,0.0,284
Q25632,1.9507,97.54,0.0,284
P42636,1.9507,97.54,0.0,284
Q95PU1,1.9437,97.18,0.0,284
Q02088,1.9379,96.89,0.0,161
P09413,1.9378,96.89,0.0,193
A4URH3,1.9366,96.83,0.0,284
Q26503,1.9366,96.83,0.0,284
P0DSM7,1.9366,96.83,0.0,284
P42638,1.9366,96.83,0.0,284
Q95VA8,1.9366,96.83,0.0,284
P04460,1.9355,96.77,0.0,465
V5NBV4,1.9296,96.48,0.0,284
O44119,1.9296,96.48,0.0,284
Q9NG56,1.9296,96.48,0.0,284
Q8WR63,1.9296,96.48,0.0,284
M1H607,1.9296,96.48,0.0,284
Q26519,1.9296,96.48,0.0,284
Q3Y8M6,1.9296,96.48,0.0,284
Q3BJY7,1.9296,96.48,0.0,284
P86704,1.9296,96.48,0.0,284
P42637,1.9296,96.48,0.0,284
Q9H6N6,1.9271,96.35,0.0,1097
Q9N2R3,1.9242,96.21,0.0,264
Q1LHK6,1.9231,96.15,0.0,156
Q46VX6,1.9231,96.15,0.0,156
B2UGV3,1.9231,96.15,0.0,156
Q23939,1.9225,96.13,0.0,284
P0DSM6,1.9225,96.13,0.0,284
C5J049,1.9225,96.13,0.0,284
Q8T6L5,1.9225,96.13,0.0,284
Q9NFZ4,1.9225,96.13,0.0,284
Q5E1N3,1.9221,96.1,0.0,154
Q7M3Y8,1.9178,95.89,0.0,146
Q8IT89,1.9155,95.77,0.0,284
A2V735,1.9155,95.77,0.0,284
O97162,1.9155,95.77,0.0,284
O18416,1.9155,95.77,0.0,284
P02562,1.9133,95.66,0.0,1084
Q82XQ2,1.9108,95.54,0.0,157
Q39KY0,1.9103,95.51,0.0,156
Q7WEM5,1.9103,95.51,0.0,156
A4JA31,1.9103,95.51,0.0,156
A9HY36,1.9103,95.51,0.0,156
Q0K5M3,1.9103,95.51,0.0,156
B3R7L9,1.9103,95.51,0.0,156
A9BPU3,1.9103,95.51,0.0,156
B1YQL0,1.9103,95.51,0.0,156
A3MQJ5,1.9103,95.51,0.0,156
A9AJG0,1.9103,95.51,0.0,156
A1W2T3,1.9103,95.51,0.0,156
B2T7K4,1.9103,95.51,0.0,156
Q13SP8,1.9103,95.51,0.0,156
A1VIU8,1.9103,95.51,0.0,156
A4SUT0,1.9103,95.51,0.0,156
Q8XU72,1.9103,95.51,0.0,156
Q12GQ4,1.9103,95.51,0.0,156
B1XSD0,1.9103,95.51,0.0,156
Q3J6M7,1.9103,95.51,0.0,156
B2JJK3,1.9103,95.51,0.0,156
Q7VU48,1.9103,95.51,0.0,156
A6T474,1.9103,95.51,0.0,156
A0K2X9,1.9103,95.51,0.0,156
A1TJ37,1.9103,95.51,0.0,156
A6TG40,1.9091,95.45,0.0,154
P29616,1.9074,95.37,0.0,1102
Q95WY0,1.9056,95.28,0.0,233
P39922,1.9035,95.18,0.0,539
P02561,1.9032,95.16,0.0,248
Q986D1,1.9018,95.09,0.0,163
P17536,1.8995,94.97,0.0,199
A1URU5,1.8994,94.97,0.0,159
A5VNW5,1.8994,94.97,0.0,159
B2S9N1,1.8994,94.97,0.0,159
A9M8G1,1.8994,94.97,0.0,159
B0CK73,1.8994,94.97,0.0,159
Q11KH6,1.8994,94.97,0.0,159
O16127,1.8993,94.96,0.0,278
Q8DLP6,1.8986,94.93,0.0,138
A1K1R8,1.8981,94.9,0.0,157
Q5P4E6,1.8981,94.9,0.0,157
Q0AJB4,1.8981,94.9,0.0,157
A4YCI2,1.8974,94.87,0.0,156
Q223D2,1.8974,94.87,0.0,156
A6WUJ4,1.8974,94.87,0.0,156
Q8E8B6,1.8974,94.87,0.0,156
Q2P7Q8,1.8974,94.87,0.0,156
Q9PE81,1.8974,94.87,0.0,156
A1JTD1,1.8974,94.87,0.0,156
Q15MU0,1.8974,94.87,0.0,156
B0U5A2,1.8974,94.87,0.0,156
A1T0Z3,1.8974,94.87,0.0,156
A5WBV7,1.8974,94.87,0.0,156
Q3IK46,1.8974,94.87,0.0,156
Q4UQF0,1.8974,94.87,0.0,156
Q8PGG3,1.8974,94.87,0.0,156
A1WF54,1.8974,94.87,0.0,156
Q3SF62,1.8974,94.87,0.0,156
B6EHU1,1.8974,94.87,0.0,156
Q6FFK4,1.8974,94.87,0.0,156
A9M119,1.8974,94.87,0.0,156
B7H298,1.8974,94.87,0.0,156
B0VNK0,1.8974,94.87,0.0,156
A0KQY2,1.8974,94.87,0.0,156
Q1GXM6,1.8974,94.87,0.0,156
A2SC66,1.8974,94.87,0.0,156
Q5F4Z4,1.8974,94.87,0.0,156
B6J959,1.8974,94.87,0.0,156
B3PIT1,1.8974,94.87,0.0,156
A4GAH3,1.8974,94.87,0.0,156
Q5QZI2,1.8974,94.87,0.0,156
Q477Z5,1.8974,94.87,0.0,156
A4Y191,1.8974,94.87,0.0,156
Q14K10,1.8974,94.87,0.0,156
A7NEH8,1.8974,94.87,0.0,156
A4IW20,1.8974,94.87,0.0,156
A3DAR8,1.8974,94.87,0.0,156
A0L2T2,1.8974,94.87,0.0,156
A8G1W9,1.8974,94.87,0.0,156
A4VS66,1.8974,94.87,0.0,156
Q0HD75,1.8974,94.87,0.0,156
A8G7M4,1.8974,94.87,0.0,156
A1SBU4,1.8974,94.87,0.0,156
P09495,1.8952,94.76,0.0,248
Q6IRU2,1.8952,94.76,0.0,248
P67936,1.8952,94.76,0.0,248
Q63610,1.8952,94.76,0.0,248
O96764,1.8947,94.74,0.0,285
P31816,1.894,94.7,0.0,283
Q8YUS9,1.8915,94.57,0.0,129
O61379,1.8905,94.53,0.0,274
Q25456,1.8905,94.53,0.0,274
Q07H89,1.8902,94.51,0.0,164
Q1HPQ0,1.8877,94.39,0.0,285
C0SP89,1.8859,94.3,0.0,561
P40779,1.8857,94.29,0.0,140
Q07VU0,1.8846,94.23,0.0,156
A3QJR4,1.8846,94.23,0.0,156
B5RFV9,1.8846,94.23,0.0,156
Q65Q03,1.8846,94.23,0.0,156
A8ACP2,1.8846,94.23,0.0,156
Q1QSC6,1.8846,94.23,0.0,156
A1U7H8,1.8846,94.23,0.0,156
B5XZM0,1.8846,94.23,0.0,156
Q5X0N9,1.8846,94.23,0.0,156
Q0I5W9,1.8846,94.23,0.0,156
Q48AW4,1.8846,94.23,0.0,156
A7N0Y5,1.8846,94.23,0.0,156
A6VL61,1.8846,94.23,0.0,156
Q6LLG4,1.8846,94.23,0.0,156
Q87KA4,1.8846,94.23,0.0,156
A7FPE4,1.8846,94.23,0.0,156
B2I864,1.8846,94.23,0.0,156
Q7NA90,1.8846,94.23,0.0,156
B4F0E3,1.8846,94.23,0.0,156
A4STP7,1.8846,94.23,0.0,156
Q2YCA7,1.8846,94.23,0.0,156
Q6CYJ1,1.8846,94.23,0.0,156
Q9CKW4,1.8846,94.23,0.0,156
B4SJS3,1.8846,94.23,0.0,156
B2FHZ2,1.8846,94.23,0.0,156
B5EZ00,1.8846,94.23,0.0,156
B0TQF8,1.8846,94.23,0.0,156
A5UA07,1.8846,94.23,0.0,156
A7MMX3,1.8846,94.23,0.0,156
A7ZTU8,1.8846,94.23,0.0,156
A4WGF1,1.8846,94.23,0.0,156
A1WZT5,1.8846,94.23,0.0,156
A5UGZ3,1.8846,94.23,0.0,156
Q4QN60,1.8846,94.23,0.0,156
A5F475,1.8846,94.23,0.0,156
Q4FQ33,1.8846,94.23,0.0,156
P12989,1.8846,94.23,0.0,156
Q1Q895,1.8846,94.23,0.0,156
A8HAG7,1.8846,94.23,0.0,156
B1KQ38,1.8846,94.23,0.0,156
Q12HP7,1.8846,94.23,0.0,156
Q2NQ90,1.8846,94.23,0.0,156
Q8DDH2,1.8846,94.23,0.0,156
B2VCA8,1.8846,94.23,0.0,156
Q9U5M4,1.8805,94.02,0.0,251
Q9NDS0,1.8803,94.01,0.0,284
A4Z2B7,1.878,93.9,0.0,164
A5EAB1,1.8773,93.87,0.0,163
Q3SW38,1.8758,93.79,0.0,161
A9CK01,1.8758,93.79,0.0,161
B0ULY4,1.8758,93.79,0.0,161
Q89V71,1.8758,93.79,0.0,161
Q1QRI1,1.8758,93.79,0.0,161
A6U6M7,1.8758,93.79,0.0,161
A6WW80,1.8742,93.71,0.0,159
Q60CR8,1.8726,93.63,0.0,157
Q48BG1,1.8718,93.59,0.0,156
Q4K3A5,1.8718,93.59,0.0,156
A6W3T2,1.8718,93.59,0.0,156
Q21DK4,1.8718,93.59,0.0,156
Q1LTV0,1.8718,93.59,0.0,156
A5EXJ9,1.8718,93.59,0.0,156
Q2S6N7,1.8718,93.59,0.0,156
Q7VPP4,1.8718,93.59,0.0,156
B0TWS3,1.8718,93.59,0.0,156
Q87TT0,1.8718,93.59,0.0,156
Q4ZL20,1.8718,93.59,0.0,156
B0KRB2,1.8718,93.59,0.0,156
Q88BX0,1.8718,93.59,0.0,156
Q02DF0,1.8718,93.59,0.0,156
A7N2U5,1.8718,93.59,0.0,156
Q0A4M4,1.8718,93.59,0.0,156
Q0VKX0,1.8718,93.59,0.0,156
A3N2U8,1.8718,93.59,0.0,156
B3H2P7,1.8718,93.59,0.0,156
Q1I2I3,1.8718,93.59,0.0,156
A6VF36,1.8718,93.59,0.0,156
A5WBA7,1.8718,93.59,0.0,156
Q3K437,1.8718,93.59,0.0,156
Q5FRW8,1.8675,93.37,0.0,166
O32239,1.8657,93.29,0.0,566
A7IGS7,1.865,93.25,0.0,163
P15492,1.865,93.25,0.0,548
P08041,1.8642,93.21,0.0,162
A9VYW7,1.8642,93.21,0.0,162
B1ZJN2,1.8642,93.21,0.0,162
Q9X0M7,1.8642,93.21,0.0,530
B1LWM0,1.8642,93.21,0.0,162
B6JDC7,1.8634,93.17,0.0,161
Q92RM5,1.8634,93.17,0.0,161
B2IGK8,1.8634,93.17,0.0,161
A5W2C8,1.8632,93.16,0.0,541
Q60376,1.8624,93.12,0.0,189
P13392,1.8608,93.04,0.0,848
A5CVF9,1.8599,92.99,0.0,157
A1AXU6,1.8599,92.99,0.0,157
P84335,1.8592,92.96,0.0,284
Q01173,1.8592,92.96,0.0,284
P13105,1.8592,92.96,0.0,284
Q31DL6,1.859,92.95,0.0,156
P39921,1.8577,92.89,0.0,253
O67453,1.8556,92.78,0.0,180
A8HT73,1.8537,92.68,0.0,164
Q13CX4,1.8528,92.64,0.0,163
Q6NBI5,1.8528,92.64,0.0,163
Q2IRA3,1.8528,92.64,0.0,163
P06753,1.8526,92.63,0.0,285
Q5KR48,1.8521,92.61,0.0,284
A1XQV4,1.8521,92.61,0.0,284
P13104,1.8521,92.61,0.0,284
P09493,1.8521,92.61,0.0,284
P04268,1.8521,92.61,0.0,284
P58771,1.8521,92.61,0.0,284
P42639,1.8521,92.61,0.0,284
P07951,1.8521,92.61,0.0,284
Q5KR49,1.8521,92.61,0.0,284
O96064,1.8519,92.59,0.0,864
B6YR08,1.8519,92.59,0.0,162
Q1MKS9,1.8519,92.59,0.0,162
Q9X0N0,1.8516,92.58,0.0,539
Q8D3J7,1.8509,92.55,0.0,161
A7HQY4,1.8509,92.55,0.0,161
Q28995,1.8505,92.52,0.0,107
Q9Z429,1.8476,92.38,0.0,538
B0JWU8,1.8462,92.31,0.0,143
B2J055,1.8462,92.31,0.0,143
B1WUH9,1.8462,92.31,0.0,143
B7KKR7,1.8462,92.31,0.0,143
Q89B43,1.8462,92.31,0.0,156
Q5KR47,1.8451,92.25,0.0,284
B0BZK9,1.8451,92.25,0.0,142
Q07068,1.8451,92.25,0.0,284
Q05000,1.8439,92.2,0.0,692
Q60UW4,1.8438,92.19,0.0,256
Q27249,1.8438,92.19,0.0,256
Q20X01,1.8415,92.07,0.0,164
Q6G0H0,1.8415,92.07,0.0,164
A7NIR3,1.8405,92.02,0.0,163
A5UQN7,1.8405,92.02,0.0,163
B5ZS19,1.8405,92.02,0.0,163
B3PRF9,1.8405,92.02,0.0,163
Q2KBV8,1.8405,92.02,0.0,163
Q88E10,1.8404,92.02,0.0,639
A9NGW6,1.84,92.0,0.0,175
O29107,1.8393,91.96,0.0,112
P21107,1.8386,91.93,0.0,285
P57120,1.8385,91.93,0.0,161
Q494C7,1.8375,91.88,0.0,160
P04462,1.8366,91.83,0.0,257
P41172,1.8365,91.82,0.0,159
B7JB88,1.8365,91.82,0.0,159
P35418,1.8355,91.77,0.0,863
A8IRJ7,1.834,91.7,0.0,482
Q8T305,1.8331,91.66,0.0,863
Q88JK6,1.8327,91.64,0.0,550
Q5T655,1.8326,91.63,0.0,872
B7K5I5,1.8322,91.61,0.0,143
Q85FR1,1.8322,91.61,0.0,143
P27183,1.8322,91.61,0.0,143
P19352,1.831,91.55,0.0,284
P43047,1.8298,91.49,0.0,470
A9WGS8,1.8293,91.46,0.0,164
B3EU96,1.8293,91.46,0.0,164
Q8KA41,1.8289,91.45,0.0,152
P35417,1.8285,91.43,0.0,863
Q9HGN4,1.8278,91.39,0.0,151
Q88D09,1.8276,91.38,0.0,638
Q9HUB1,1.8269,91.34,0.0,647
Q57676,1.8269,91.35,0.0,104
Q2RPA6,1.8261,91.3,0.0,161
P0DW01,1.8255,91.27,0.0,550
B6IX47,1.825,91.25,0.0,160
Q05870,1.8245,91.22,0.0,866
B1KSS4,1.8239,91.19,0.0,159
O05098,1.8239,91.19,0.0,159
Q0SQZ1,1.8239,91.19,0.0,159
A0Q2Z8,1.8239,91.19,0.0,159
Q0TNC0,1.8239,91.19,0.0,159
Q3A942,1.8239,91.19,0.0,159
B2UZJ6,1.8239,91.19,0.0,159
A7FQH5,1.8239,91.19,0.0,159
B1IE30,1.8239,91.19,0.0,159
B2RW38,1.8236,91.18,0.0,873
P06198,1.8199,90.99,0.0,866
Q5LD84,1.8182,90.91,0.0,165
A9AVV0,1.8171,90.85,0.0,164
P0CZ92,1.8171,90.85,0.0,164
B4U2D7,1.8171,90.85,0.0,164
B5XKP7,1.8171,90.85,0.0,164
Q5XCY4,1.8171,90.85,0.0,164
Q1JCL7,1.8171,90.85,0.0,164
A8AYG5,1.8171,90.85,0.0,164
Q9A0J1,1.8171,90.85,0.0,164
Q04HT5,1.8171,90.85,0.0,164
A3CM10,1.8171,90.85,0.0,164
Q9X170,1.8166,90.83,0.0,338
O51876,1.816,90.8,0.0,163
O15697,1.8146,90.73,0.0,453
P38477,1.8142,90.71,0.0,183
Q5WB74,1.8137,90.68,0.0,161
Q7VQW0,1.8137,90.68,0.0,161
P11778,1.8115,90.57,0.0,244
A6LQH2,1.8113,90.57,0.0,159
B0TI54,1.8107,90.53,0.0,169
Q2KIQ2,1.8101,90.51,0.0,495
B4RF13,1.8084,90.42,0.0,167
P24079,1.8058,90.29,0.0,103
P06754,1.8053,90.27,0.0,339
A0M6G6,1.8049,90.24,0.0,164
Q9X1U9,1.8049,90.24,0.0,164
Q6G5K9,1.8049,90.24,0.0,164
A9HDM4,1.8049,90.24,0.0,164
A4XKX4,1.8037,90.18,0.0,163
A9BFX7,1.8037,90.18,0.0,163
Q95XR4,1.8029,90.14,0.0,690
P10567,1.8028,90.14,0.0,872
A5CYE6,1.8025,90.12,0.0,162
Q03A22,1.8025,90.12,0.0,162
B3WDL4,1.8025,90.12,0.0,162
Q9NJA9,1.8021,90.1,0.0,869
P0ACX1,1.8018,90.09,0.0,111
P42258,1.8014,90.07,0.0,433
Q57674,1.8,90.0,0.0,220
O97557,1.7979,89.89,0.0,188
A6TK61,1.7976,89.88,0.0,168
Q2RFX5,1.7976,89.88,0.0,168
Q7ZW57,1.7964,89.82,0.0,334
Q11YP3,1.7964,89.82,0.0,167
P41671,1.7962,89.81,0.0,157
A5FL32,1.7952,89.76,0.0,166
A6L8N7,1.7952,89.76,0.0,166
A6L4M2,1.7952,89.76,0.0,166
A6NGB0,1.7947,89.74,0.0,302
Q08786,1.7946,89.73,0.0,185
Q9CNC5,1.7945,89.72,0.0,399
Q8MUF6,1.7943,89.71,0.0,875
Q5M108,1.7939,89.7,0.0,165
C0H4K2,1.7939,89.69,0.0,262
Q3K1J9,1.7939,89.7,0.0,165
P43969,1.7937,89.68,0.0,349
Q96B45,1.7925,89.62,0.0,106
Q61884,1.7923,89.61,0.0,491
Q31673,1.792,89.6,0.0,125
P48324,1.7912,89.56,0.0,182
P97779,1.7912,89.56,0.0,498
Q3TVW5,1.7907,89.54,0.0,497
B2A3G6,1.7901,89.51,0.0,162
Q9K6H1,1.7901,89.51,0.0,162
Q67TC1,1.7901,89.51,0.0,162
P37781,1.7895,89.47,0.0,418
Q1PE49,1.7895,89.47,0.0,247
A6LJR5,1.7888,89.44,0.0,161
O28156,1.7887,89.44,0.0,142
Q6MAK3,1.7875,89.38,0.0,160
Q3AHK3,1.7875,89.38,0.0,160
Q6TMJ3,1.7871,89.36,0.0,357
B1H0B9,1.787,89.35,0.0,169
Q8NEH6,1.7859,89.29,0.0,495
P96720,1.7857,89.29,0.0,140
Q55153,1.7849,89.24,0.0,344
O34472,1.7847,89.24,0.0,353
Q9R9U8,1.7846,89.23,0.0,492
Q39490,1.7844,89.22,0.0,269
Q8A9U9,1.7844,89.22,0.0,167
Q9Y8K9,1.7838,89.19,0.0,111
B0R6A6,1.7835,89.17,0.0,545
P45374,1.7833,89.17,0.0,120
A6H2D9,1.7831,89.16,0.0,166
Q6AXQ8,1.7831,89.16,0.0,498
Q03583,1.7828,89.14,0.0,396
Q86RN8,1.7824,89.12,0.0,873
Q4R7T8,1.7818,89.09,0.0,495
Q2T9Z6,1.7818,89.09,0.0,724
P95785,1.7818,89.09,0.0,165
Q24MN7,1.7805,89.02,0.0,164
O07516,1.7797,88.98,0.0,118
P40294,1.7792,88.96,0.0,154
Q9HPR6,1.7791,88.96,0.0,489
P22481,1.7791,88.96,0.0,163
P0AFJ0,1.779,88.95,0.0,353
Q9T1Q1,1.7789,88.95,0.0,190
P27358,1.7778,88.89,0.0,153
Q0BQY4,1.7778,88.89,0.0,171
Q9ZCT3,1.7778,88.89,0.0,351
P39855,1.7778,88.89,0.0,396
P55439,1.7775,88.88,0.0,845
Q02171,1.777,88.85,0.0,879
Q06089,1.7764,88.82,0.0,161
A7HJW1,1.7764,88.82,0.0,161
Q810N9,1.7753,88.76,0.0,267
Q7U8W7,1.775,88.75,0.0,160
Q3AZM3,1.775,88.75,0.0,160
P07018,1.7749,88.74,0.0,533
Q9D439,1.7743,88.72,0.0,514
P0AAA7,1.774,88.7,0.0,416
A4W1W1,1.7738,88.69,0.0,168
Q49VC5,1.7738,88.69,0.0,451
O34418,1.7736,88.68,0.0,106
Q66I67,1.7727,88.64,0.0,132
Q10085,1.7714,88.57,0.0,455
O94470,1.771,88.55,0.0,131
Q7XJ96,1.7707,88.54,0.0,471
Q9A0E3,1.7699,88.5,0.0,113
Q9BMM8,1.7694,88.47,0.0,876
P43457,1.7692,88.46,0.0,156
Q9CN32,1.7692,88.46,0.0,130
D1A4H0,1.7692,88.46,0.0,104
Q48457,1.7691,88.45,0.0,485
Q46841,1.769,88.45,0.0,355
P22403,1.7687,88.44,0.0,147
A9IQI8,1.7683,88.41,0.0,164
A8HUA1,1.7683,88.41,0.0,863
D4GU68,1.7669,88.35,0.0,472
B1I6L8,1.7669,88.34,0.0,163
Q8RGD8,1.7669,88.34,0.0,163
Q8KRV2,1.7669,88.34,0.0,163
Q9XF62,1.7658,88.29,0.0,111
P15518,1.7656,88.28,0.0,273
A8F3J8,1.7654,88.27,0.0,162
G3XDA3,1.7641,88.2,0.0,568
P29705,1.7638,88.19,0.0,127
Q9D478,1.7632,88.16,0.0,642
A4IJ21,1.7631,88.15,0.0,498
Q5RE49,1.7631,88.15,0.0,498
O66688,1.7622,88.11,0.0,143
P52112,1.7615,88.07,0.0,109
P21823,1.7612,88.06,0.0,536
P74858,1.76,88.0,0.0,125
Q54TC6,1.7595,87.97,0.0,158
Q9HUW6,1.7595,87.98,0.0,657
Q01202,1.7591,87.95,0.0,880
P37746,1.759,87.95,0.0,415
Q9U2T3,1.758,87.9,0.0,281
B2KEW8,1.7576,87.88,0.0,165
Q180X1,1.7576,87.88,0.0,165
P76158,1.7576,87.88,0.0,165
O66525,1.7576,87.88,0.0,132
P54181,1.7573,87.87,0.0,445
Q60375,1.7569,87.85,0.0,181
Q9ZJD5,1.7568,87.84,0.0,148
D4GYG8,1.7563,87.82,0.0,476
P70952,1.7561,87.8,0.0,164
F1QNW4,1.7558,87.79,0.0,475
Q96NL6,1.7558,87.79,0.0,688
Q83HY4,1.7558,87.79,0.0,172
Q8CJ99,1.7558,87.79,0.0,688
O57523,1.7557,87.79,0.0,262
Q91488,1.7557,87.79,0.0,262
Q58119,1.7556,87.78,0.0,450
Q9BT92,1.755,87.75,0.0,498
Q58578,1.7545,87.72,0.0,334
Q2YDH9,1.7538,87.69,0.0,260
O86234,1.7536,87.68,0.0,138
Q68XW4,1.7529,87.64,0.0,259
Q9ZE51,1.7529,87.64,0.0,259
O28815,1.7524,87.62,0.0,105
Q2KIB7,1.7524,87.62,0.0,105
Q9KT83,1.7522,87.61,0.0,113
P0DMT6,1.7519,87.6,0.0,258
Q58749,1.7517,87.59,0.0,145
A7WXS7,1.7511,87.55,0.0,233
Q96M91,1.751,87.55,0.0,514
Q5T0U0,1.7509,87.55,0.0,273
P45490,1.7508,87.54,0.0,321
P71399,1.7506,87.53,0.0,401
Q6FEY7,1.7506,87.53,0.0,449
C1CQY3,1.75,87.5,0.0,112
Q97Q59,1.75,87.5,0.0,112
Q2KIN6,1.75,87.5,0.0,176
P75565,1.75,87.5,0.0,104
P0A2Z0,1.75,87.5,0.0,168
Q04JX5,1.75,87.5,0.0,112
C1CEW1,1.75,87.5,0.0,112
Q3KPU6,1.75,87.5,0.0,256
P35415,1.7497,87.49,0.0,879
Q6AXT4,1.749,87.45,0.0,263
Q9Y592,1.7489,87.45,0.0,701
A4ITK4,1.7486,87.43,0.0,183
Q6FU40,1.7484,87.42,0.0,469
Q9LUH3,1.7484,87.42,0.0,469
O57524,1.7481,87.4,0.0,262
P42102,1.7478,87.39,0.0,230
P54214,1.7473,87.36,0.0,277
Q2YVH4,1.7472,87.36,0.0,451
Q6GJY2,1.7472,87.36,0.0,451
Q99WP2,1.7472,87.36,0.0,451
Q2FJS9,1.7472,87.36,0.0,451
Q6GCD7,1.7472,87.36,0.0,451
P44646,1.7471,87.36,0.0,348
P12037,1.7465,87.32,0.0,142
A5FVI7,1.7457,87.28,0.0,173
Q4UNC7,1.7452,87.26,0.0,259
Q1RGU3,1.7452,87.26,0.0,259
C0HK58,1.7451,87.25,0.0,204
Q02755,1.7441,87.2,0.0,547
P43437,1.7436,87.18,0.0,117
O26018,1.7432,87.16,0.0,148
P02539,1.7431,87.16,0.0,109
B0T010,1.7427,87.13,0.0,171
P64583,1.7426,87.13,0.0,101
Q5HLG0,1.7425,87.12,0.0,233
Q8CN53,1.7425,87.12,0.0,233
P51239,1.7422,87.11,0.0,287
Q132Z6,1.7419,87.1,0.0,124
B0UQ37,1.7419,87.1,0.0,124
A3PGP0,1.7419,87.1,0.0,124
P61394,1.7419,87.1,0.0,124
Q2MJU7,1.7419,87.1,0.0,124
Q2UE23,1.7414,87.07,0.0,116
Q5ASG4,1.7414,87.07,0.0,116
C0H450,1.7414,87.07,0.0,116
Q36098,1.7412,87.06,0.0,255
O34991,1.7412,87.06,0.0,371
Q8MT08,1.7411,87.06,0.0,479
O62238,1.7411,87.05,0.0,224
O14042,1.7407,87.04,0.0,216
Q8SQK7,1.7403,87.02,0.0,439
Q5QWR6,1.7403,87.01,0.0,462
P0C221,1.7402,87.01,0.0,793
P05704,1.7399,87.0,0.0,546
Q58467,1.7396,86.98,0.0,507
A5FRQ1,1.7396,86.98,0.0,169
Q3Z8Z6,1.7396,86.98,0.0,169
Q87MX4,1.7396,86.98,0.0,192
A7MVC5,1.7396,86.98,0.0,192
O66948,1.7394,86.97,0.0,353
Q39618,1.7391,86.96,0.0,276
Q7QB45,1.7391,86.96,0.0,138
A8FIC5,1.7391,86.96,0.0,184
P29652,1.7391,86.96,0.0,161
C0HLB3,1.7391,86.96,0.0,161
O31855,1.7389,86.95,0.0,452
A1JRJ8,1.7387,86.93,0.0,199
B3PLV4,1.7386,86.93,0.0,176
Q8NCX0,1.7384,86.92,0.0,1101
Q5KUH7,1.7377,86.89,0.0,183
Q92JD8,1.7375,86.87,0.0,259
P29648,1.7375,86.88,0.0,160
Q10173,1.737,86.85,0.0,441
Q1WUQ3,1.7368,86.84,0.0,114
Q6LQ49,1.7368,86.84,0.0,456
A8MJW3,1.7365,86.83,0.0,167
Q03V25,1.7365,86.83,0.0,167
A5D7M3,1.7364,86.82,0.0,478
O95995,1.7364,86.82,0.0,478
Q9I055,1.7363,86.82,0.0,531
P24729,1.7358,86.79,0.0,106
O82629,1.7358,86.79,0.0,106
P77377,1.7358,86.79,0.0,492
C6Y4A7,1.7358,86.79,0.0,106
Q1RM03,1.7355,86.77,0.0,499
Q8DPQ6,1.7351,86.75,0.0,453
Q97QN5,1.7351,86.75,0.0,453
Q7V5S4,1.7351,86.75,0.0,151
A2C6X2,1.7351,86.75,0.0,151
O32273,1.735,86.75,0.0,483
Q74K19,1.7349,86.75,0.0,166
Q042L1,1.7349,86.75,0.0,166
Q88BA2,1.7348,86.74,0.0,460
Q1J7B1,1.7345,86.73,0.0,113
B4U2K8,1.7345,86.73,0.0,113
C5DGT3,1.7345,86.73,0.0,113
C0MGL2,1.7345,86.73,0.0,113
Q8EIX5,1.7345,86.73,0.0,452
Q5SV66,1.7342,86.71,0.0,316
Q4A012,1.7339,86.7,0.0,233
A7ZI10,1.7339,88.48,1.78,729
Q2TBK4,1.7338,86.69,0.0,278
P49857,1.7333,86.67,0.0,105
P39590,1.7333,86.67,0.0,225
Q2RKA1,1.7333,86.67,0.0,120
Q8NB25,1.7333,86.67,0.0,1140
A0A1W5X0D5,1.733,86.65,0.0,352
O42363,1.7328,86.64,0.0,262
G5E861,1.7326,86.63,0.0,688
Q6PBA8,1.7325,86.63,0.0,486
Q499U4,1.7322,86.61,0.0,478
Q60779,1.7322,86.61,0.0,478
A8AXZ1,1.7321,86.61,0.0,112
P45030,1.7318,86.59,0.0,261
O07621,1.7315,86.57,0.0,432
B3QP89,1.7313,86.57,0.0,268
Q3AU90,1.7313,86.57,0.0,268
Q65DW1,1.7312,86.56,0.0,186
P64608,1.7308,86.54,0.0,260
Q65KV0,1.7308,86.54,0.0,104
Q7N1G0,1.7307,86.53,0.0,453
Q9KT86,1.7306,86.53,0.0,193
Q5P539,1.7306,86.53,0.0,193
B6IQX6,1.7302,86.51,0.0,126
P29647,1.7301,86.5,0.0,163
Q4L8N9,1.7301,86.5,0.0,452
A7MNR0,1.73,86.5,0.0,200
Q9K015,1.7298,86.49,0.0,459
Q9JV27,1.7298,86.49,0.0,459
P42171,1.7295,86.48,0.0,244
Q5HL71,1.7293,86.46,0.0,229
P60639,1.7293,86.46,0.0,229
Q6GDQ8,1.7293,86.46,0.0,229
Q9CNP0,1.7292,86.46,0.0,192
Q81A38,1.7288,86.44,0.0,118
Q81WT3,1.7288,86.44,0.0,118
B1MZ79,1.7288,86.44,0.0,118
Q6F206,1.7288,86.44,0.0,177
B4SUN3,1.7286,86.43,0.0,199
A4WF68,1.7286,86.43,0.0,199
B7LRM9,1.7286,86.43,0.0,199
B5F7N8,1.7286,86.43,0.0,199
A8GK69,1.7286,86.43,0.0,199
B5R1C1,1.7286,86.43,0.0,199
B5FIV6,1.7286,86.43,0.0,199
Q99105,1.7285,86.43,0.0,501
P45272,1.7284,86.42,0.0,464
C3PFG5,1.7283,86.42,0.0,265
Q1MG67,1.728,86.4,0.0,125
Q11HT1,1.728,86.4,0.0,125
B3PP14,1.728,86.4,0.0,125
Q2K819,1.728,86.4,0.0,125
B5ZQP2,1.728,86.4,0.0,125
P40612,1.7279,86.39,0.0,147
Q9AB66,1.7278,86.39,0.0,169
Q57484,1.7277,86.39,0.0,404
P54175,1.7277,86.38,0.0,213
F1N7G5,1.7276,86.38,0.0,514
Q9SIA1,1.7275,86.37,0.0,477
Q0VTI9,1.7274,86.37,0.0,675
P19258,1.7273,86.36,0.0,176
Q5BK62,1.7273,86.36,0.0,176
P39210,1.7273,86.36,0.0,176
Q17046,1.7267,86.34,0.0,161
Q89AT1,1.7267,86.34,0.0,161
P0CAU7,1.7266,86.33,0.0,139
B7HFK6,1.7262,86.31,0.0,168
A9VSA7,1.7262,86.31,0.0,168
A0RL99,1.7262,86.31,0.0,168
Q72XE4,1.7262,86.31,0.0,168
B7IQW2,1.7262,86.31,0.0,168
A7GV60,1.7262,86.31,0.0,168
B6J723,1.7258,86.29,0.0,124
Q1QHY7,1.7258,86.29,0.0,124
A9KG69,1.7258,86.29,0.0,124
A0A8F4S726,1.7258,86.29,0.0,124
Q98N26,1.7258,86.29,0.0,124
Q9Z2J5,1.7255,86.27,0.0,102
B6ERM4,1.7255,86.27,0.0,102
A2C4J8,1.7255,86.27,0.0,153
Q5DZX0,1.7255,86.27,0.0,102
Q46J54,1.7255,86.27,0.0,153
A0PY40,1.7255,86.27,0.0,153
C3P286,1.7253,86.26,0.0,182
B7HY84,1.7253,86.26,0.0,182
B9IRV7,1.7253,86.26,0.0,182
A9VSC2,1.7253,86.26,0.0,182
Q72XC7,1.7253,86.26,0.0,182
Q6HAV9,1.7253,86.26,0.0,182
Q8TJA9,1.7249,86.24,0.0,676
Q4L8Q5,1.7247,86.23,0.0,385
Q63ZH8,1.7246,86.23,0.0,138
P59194,1.7245,86.22,0.0,392
Q29RS0,1.7243,86.22,0.0,370
P44019,1.7241,86.21,0.0,145
P29645,1.7237,86.18,0.0,152
O28178,1.7235,86.18,0.0,217
Q58417,1.7231,86.15,0.0,130
Q757M3,1.7231,86.15,0.0,455
Q9P7G3,1.7228,86.14,0.0,101
Q8TBF8,1.7228,86.14,0.0,368
P71060,1.7228,86.14,0.0,505
Q6LQR1,1.7228,86.14,0.0,101
Q8CUL5,1.7226,86.13,0.0,447
P0DSO8,1.7225,86.13,0.0,382
O42364,1.7224,86.12,0.0,281
Q60304,1.7222,86.11,0.0,144
Q5WB61,1.7222,86.11,0.0,180
Q9X0R9,1.7222,86.11,0.0,324
O94724,1.7222,86.11,0.0,108
B7IE18,1.7221,86.11,0.0,475
Q8ZK55,1.7216,86.08,0.0,388
Q46639,1.7216,86.08,0.0,388
O32086,1.7216,86.08,0.0,388
P46907,1.7215,86.08,0.0,395
A6QQM8,1.7215,86.08,0.0,316
P42257,1.7214,86.07,0.0,682
P61393,1.7213,86.07,0.0,122
A8HQ54,1.7212,86.06,0.0,373
Q8CN76,1.7209,86.05,0.0,387
B3DTV4,1.7209,86.05,0.0,172
Q9KNG8,1.7209,86.05,0.0,129
P0AFS5,1.7209,86.05,0.0,344
Q5HLK7,1.7209,86.05,0.0,387
P33699,1.7206,86.03,0.0,494
O80695,1.7206,86.03,0.0,501
Q2SKU4,1.7202,86.01,0.0,193
P0CZ13,1.7202,86.01,0.0,193
A3PRP3,1.7202,86.01,0.0,193
B6EGH7,1.7202,86.01,0.0,193
Q573E3,1.72,86.0,0.0,100
A1SY66,1.72,86.0,0.0,100
A6XA80,1.72,86.0,0.0,150
Q9KRU4,1.7199,86.0,0.0,457
Q3UXZ6,1.7198,85.99,0.0,364
Q8Z0W0,1.7197,85.99,0.0,157
A4W678,1.7197,85.99,0.0,157
A8AM03,1.7197,85.99,0.0,157
B5F504,1.7197,85.99,0.0,157
B5Y298,1.7197,85.99,0.0,157
Q31SX3,1.7197,85.99,0.0,157
B4EX78,1.7197,85.99,0.0,157
A6THX5,1.7197,85.99,0.0,157
Q1RGZ0,1.7197,85.99,0.0,157
A9MRX4,1.7197,85.99,0.0,157
A0A0H3FQN0,1.7197,85.99,0.0,157
A9MJ53,1.7194,85.97,0.0,392
Q7MKP8,1.7193,85.96,0.0,456
Q8D9N8,1.7193,85.96,0.0,456
Q92AG2,1.7193,85.96,0.0,456
Q53W05,1.7193,85.96,0.0,114
C1D896,1.7191,85.96,0.0,178
Q0CS98,1.7191,85.96,0.0,356
A1WIU9,1.7191,85.96,0.0,178
Q89AL3,1.7191,85.96,0.0,178
Q81Y27,1.719,85.95,0.0,121
Q81AB0,1.719,85.95,0.0,121
Q733F5,1.719,85.95,0.0,121
A7GR09,1.719,85.95,0.0,121
A2SPZ1,1.7189,85.95,0.0,185
B1JX66,1.7188,85.94,0.0,128
A6LA91,1.7188,85.94,0.0,128
A0K5C2,1.7188,85.94,0.0,128
Q4QJQ8,1.7188,85.94,0.0,192
P71395,1.7188,85.94,0.0,192
B7VLT9,1.7188,85.94,0.0,192
A1S6M9,1.7188,85.94,0.0,192
B8GMB4,1.7188,85.94,0.0,192
B4EBU8,1.7188,85.94,0.0,128
B5XNE5,1.7186,85.93,0.0,199
Q6D0D4,1.7179,85.9,0.0,156
A1JJF0,1.7179,85.9,0.0,156
Q66ER4,1.7179,85.9,0.0,156
C6DEZ3,1.7179,85.9,0.0,156
A4DA06,1.7179,85.9,0.0,156
Q99191,1.7176,85.88,0.0,432
B1YMR8,1.7175,85.88,0.0,177
P29651,1.7174,85.87,0.0,184
P28246,1.7172,85.86,0.0,396
P43805,1.717,85.85,0.0,106
Q97ID9,1.7169,86.76,0.91,219
Q48U87,1.7168,85.84,0.0,113
B4R910,1.7165,85.83,0.0,127
P26400,1.7163,85.81,0.0,430
Q9ZCK7,1.7162,85.81,0.0,148
Q9RY44,1.7162,85.81,0.0,451
P63082,1.7161,85.81,0.0,155
O18882,1.7161,85.81,0.0,155
P27449,1.7161,85.81,0.0,155
P23956,1.7161,85.81,0.0,155
Q9XST2,1.716,85.8,0.0,162
Q8PYZ8,1.716,85.8,0.0,676
A8YUJ7,1.716,85.8,0.0,169
B1MW89,1.716,85.8,0.0,169
Q0ZS23,1.716,85.8,0.0,169
A4JEZ2,1.7159,85.8,0.0,176
B2JGM9,1.7159,85.8,0.0,176
Q2NT68,1.7159,85.8,0.0,176
Q39FG1,1.7159,85.8,0.0,176
Q2SWP0,1.7159,85.8,0.0,176
B1YRY2,1.7159,85.8,0.0,176
A3MKH4,1.7159,85.8,0.0,176
P05715,1.7158,85.79,0.0,373
Q7VQX5,1.7157,85.79,0.0,401
Q4UKC4,1.7156,85.78,0.0,218
E1BM70,1.7155,85.77,0.0,942
A8AH48,1.7155,85.78,0.0,457
P18205,1.7152,85.76,0.0,302
B4UCE4,1.7143,85.71,0.0,126
B8J670,1.7143,85.71,0.0,126
Q2IF90,1.7143,85.71,0.0,126
Q667R0,1.7143,85.71,0.0,126
Q9CRC6,1.7143,85.71,0.0,105
Q75DG4,1.7143,85.71,0.0,112
Q3AFC6,1.7143,85.86,0.15,686
B7IQX7,1.7143,85.71,0.0,182
C4L477,1.7143,85.71,0.0,154
B7HFM2,1.7143,85.71,0.0,182
P63865,1.7143,85.71,0.0,126
Q88CB9,1.7143,85.71,0.0,462
Q8X564,1.7143,85.71,0.0,392
P21904,1.7143,85.71,0.0,168
Q57795,1.7143,85.71,0.0,105
C6BTV9,1.7143,85.71,0.0,126
Q1INF0,1.7143,85.71,0.0,126
A3CNV4,1.7143,85.71,0.0,112
B2GAU1,1.7143,85.71,0.0,168
O28911,1.7143,85.71,0.0,196
Q03105,1.7143,85.71,0.0,154
P27173,1.7143,85.71,0.0,119
Q36967,1.7143,85.71,0.0,105
Q57LY2,1.7143,85.71,0.0,392
Q1GAW9,1.7143,85.71,0.0,168
P77549,1.7143,85.71,0.0,392
A0A1S3EL69,1.7132,85.66,0.0,265
Q9VRL2,1.713,85.65,0.0,216
O51071,1.713,86.1,0.45,223
P29643,1.7128,85.64,0.0,188
Q1AVH5,1.7126,85.63,0.0,174
A7GTP0,1.7124,85.62,0.0,153
Q7VA60,1.7124,85.62,0.0,153
A2BYH9,1.7124,85.62,0.0,153
A9BCE2,1.7124,85.62,0.0,153
Q81G28,1.7124,85.62,0.0,452
A5D176,1.7123,85.62,0.0,146
Q8BHX1,1.7122,85.61,0.0,278
Q2YZ45,1.7121,85.6,0.0,389
Q2FEB0,1.7121,85.6,0.0,389
A7X618,1.7121,85.6,0.0,389
Q6GE44,1.7121,85.6,0.0,389
O42296,1.7121,85.61,0.0,264
Q92QE1,1.712,85.6,0.0,125
A0A2Y9HKB5,1.712,85.6,0.0,382
P0DTS0,1.712,85.6,0.0,382
Q8UFC8,1.712,85.6,0.0,125
B9JWI7,1.712,85.6,0.0,125
B2VHL9,1.712,85.6,0.0,125
Q7NIH2,1.712,85.6,0.0,125
C4XPM0,1.712,85.6,0.0,125
B7J9Q0,1.712,85.6,0.0,125
B3E5K6,1.712,85.6,0.0,125
Q8P4E6,1.7118,85.59,0.0,458
Q8PG07,1.7118,85.59,0.0,458
Q65SY9,1.7118,85.59,0.0,465
Q5HM39,1.7115,85.58,0.0,104
B4EYY4,1.7114,85.57,0.0,402
A4XS53,1.7113,85.57,0.0,194
A6V1T9,1.7113,85.57,0.0,194
Q9CLF4,1.7113,85.57,0.0,291
O33854,1.7113,85.57,0.0,388
A5CYC0,1.7111,85.56,0.0,180
O34649,1.7111,85.56,0.0,270
Q8G7A9,1.711,85.55,0.0,173
A1A3C9,1.711,85.55,0.0,173
P0DPR5,1.711,85.55,0.0,429
Q8RHJ2,1.7109,85.54,0.0,671
D3Z8K2,1.7109,85.55,0.0,934
Q9I3Y3,1.7107,85.53,0.0,477
Q89AA9,1.7107,85.53,0.0,394
P07017,1.7107,85.53,0.0,553
P02941,1.7107,85.53,0.0,553
Q71YH0,1.7105,85.53,0.0,456
Q8Y654,1.7105,85.53,0.0,456
Q00758,1.7104,85.52,0.0,518
Q178E6,1.7101,85.51,0.0,138
P71369,1.7101,85.5,0.0,407
Q10214,1.7099,85.5,0.0,131
Q8KA21,1.7098,85.49,0.0,193
Q15RL5,1.7098,85.49,0.0,193
Q0AAG7,1.7098,85.49,0.0,193
Q7VNT6,1.7098,85.49,0.0,193
B8D8R4,1.7098,85.49,0.0,193
O66757,1.7097,85.48,0.0,124
P29471,1.7097,85.48,0.0,124
P45019,1.7097,85.48,0.0,124
B5EDZ1,1.7097,85.48,0.0,124
B8IHT8,1.7097,85.48,0.0,124
Q11UI4,1.7097,85.48,0.0,124
Q5FKD1,1.7097,85.48,0.0,124
C6E0U8,1.7097,85.48,0.0,124
Q03WW2,1.7094,85.47,0.0,117
Q73BB8,1.7093,85.46,0.0,454
P40760,1.7092,85.46,0.0,392
Q8Z4Z9,1.7092,85.46,0.0,392
B4SZP4,1.7092,85.46,0.0,392
Q8ZNB8,1.7092,85.46,0.0,392
Q9RS84,1.7089,85.45,0.0,213
Q898Q9,1.7088,85.44,0.0,673
Q9UFE4,1.7088,85.44,0.0,941
Q5HE14,1.7087,85.44,0.0,103
Q4V8S9,1.7087,85.44,0.0,103
C5D657,1.7086,85.43,0.0,151
Q6DAJ0,1.7085,85.43,0.0,199
C6DIK6,1.7085,85.43,0.0,199
A0KX79,1.7083,85.42,0.0,192
B8CM58,1.7083,85.42,0.0,192
A8H536,1.7083,85.42,0.0,192
Q12N30,1.7083,85.42,0.0,192
Q8D890,1.7083,85.42,0.0,192
A3QEN4,1.7083,85.42,0.0,192
E2R1I5,1.7082,85.41,0.0,939
Q54FR4,1.7081,85.41,0.0,185
P73795,1.708,85.4,0.0,137
A4FN31,1.7079,85.39,0.0,178
O27767,1.7078,85.39,0.0,219
O51750,1.7075,85.38,0.0,506
Q9KEJ2,1.7074,85.37,0.0,458
O14285,1.7073,85.37,0.0,164
P39619,1.7073,85.37,0.0,123
O32095,1.7073,85.37,0.0,369
Q89AX2,1.7073,85.37,0.0,451
Q05347,1.7071,85.35,0.0,437
B6I2P6,1.707,85.35,0.0,157
B7UQZ2,1.707,85.35,0.0,157
B5Z4P6,1.707,85.35,0.0,157
Q5WEF9,1.707,85.35,0.0,157
Q327N3,1.707,85.35,0.0,157
B1IS55,1.707,85.35,0.0,157
Q0SX48,1.707,85.35,0.0,157
A1AJN6,1.707,85.35,0.0,157
Q0CGN5,1.7069,85.34,0.0,116
B7MA17,1.7068,85.34,0.0,457
P54463,1.7068,85.34,0.0,307
B7LQA4,1.7068,85.34,0.0,457
A0A2U3YVN9,1.7068,85.34,0.0,382
Q67L13,1.7067,85.33,0.0,150
Q925U2,1.7067,85.33,0.0,150
Q16873,1.7067,85.33,0.0,150
Q60860,1.7067,85.33,0.0,150
Q2NKS0,1.7067,85.33,0.0,150
C5D9N0,1.7065,85.33,0.0,184
P29649,1.7065,85.33,0.0,184
P57363,1.7062,85.31,0.0,177
Q7NTX4,1.7062,85.31,0.0,177
Q5TZ51,1.7062,85.31,0.0,177
B8D968,1.7062,85.31,0.0,177
Q8Y4B8,1.7059,85.29,0.0,170
P37814,1.7059,85.29,0.0,170
Q927W0,1.7059,85.29,0.0,170
A0ALL7,1.7059,85.29,0.0,170
A8FIB6,1.7059,85.29,0.0,170
A7Z9Q4,1.7059,85.29,0.0,170
Q9SIA5,1.7059,85.29,0.0,476
Q71WP5,1.7059,85.29,0.0,170
Q0V9R4,1.7058,85.29,0.0,945
O68827,1.7057,85.28,0.0,299
P0DMC0,1.7057,85.28,0.0,265
P42432,1.7057,85.29,0.0,401
Q5KZL2,1.7055,85.27,0.0,455
A1AM94,1.7054,85.27,0.0,129
P0C7W6,1.7054,85.27,0.0,258
Q50LE6,1.7054,85.27,0.0,224
O07601,1.7054,85.27,0.0,258
Q9XWQ1,1.7048,85.24,0.0,210
C0ZEP4,1.7047,85.23,0.0,149
Q58955,1.7047,85.23,0.0,386
A0K834,1.7045,85.23,0.0,176
P0A4K4,1.7043,85.21,0.0,399
Q05376,1.7043,85.22,0.0,115
Q9RGY5,1.7041,85.21,0.0,169
Q2S434,1.7041,85.21,0.0,169
Q8NMM8,1.7037,85.19,0.0,108
Q9SZH0,1.7037,85.19,0.0,108
P58120,1.7037,85.19,0.0,405
O74174,1.7037,85.19,0.0,108
A0A8F4S8P5,1.7037,85.19,0.0,162
P0A3Y7,1.7037,85.65,0.46,216
Q1H432,1.7037,85.19,0.0,108
Q3IW22,1.7037,85.19,0.0,135
Q65IG9,1.7035,85.18,0.0,452
P76278,1.7034,85.17,0.0,290
P29646,1.7032,85.16,0.0,155
Q8ZWI8,1.7032,85.16,0.0,721
Q8UDF5,1.7032,85.16,0.0,465
Q54ZG7,1.7031,85.16,0.0,128
B1YUI2,1.7031,85.16,0.0,128
A6TES0,1.703,85.15,0.0,202
B5QY11,1.703,85.15,0.0,404
B5F954,1.703,85.15,0.0,404
A9MH10,1.703,85.15,0.0,404
B5FL11,1.703,85.15,0.0,404
Q5PGY0,1.703,85.15,0.0,404
B4TSR5,1.703,85.15,0.0,404
C0Q855,1.703,85.15,0.0,404
Q8Z7L7,1.703,85.15,0.0,404
Q8ZQ25,1.703,85.15,0.0,404
Q8N755,1.703,85.15,0.0,202
Q57QK4,1.703,85.15,0.0,404
Q9D9D9,1.703,85.15,0.0,101
A4XAW6,1.7029,85.14,0.0,175
Q3V4W5,1.7029,85.14,0.0,175
Q2FW71,1.7028,85.14,0.0,397
Q750P7,1.7027,85.14,0.0,148
Q32FU7,1.7027,85.14,0.0,148
Q7S9H0,1.7026,85.13,0.0,464
Q96M95,1.7025,85.13,0.0,316
Q76MT9,1.7025,85.12,0.0,121
B4URE1,1.7025,85.12,0.0,121
B4EWN4,1.7024,85.12,0.0,457
A7FHJ7,1.7024,85.12,0.0,457
Q7UAH8,1.7024,85.12,0.0,457
Q8RC19,1.7024,85.12,0.0,168
B7NBB6,1.7024,85.12,0.0,457
Q0T4A9,1.7024,85.12,0.0,457
Q1C769,1.7024,85.12,0.0,457
Q6D5W6,1.7024,85.12,0.0,457
Q47455,1.7023,85.11,0.0,309
P0CP40,1.7022,85.11,0.0,450
C0HLB5,1.7019,85.09,0.0,161
Q568J8,1.7018,85.09,0.0,114
O82855,1.7018,85.09,0.0,456
M3W955,1.7016,85.08,0.0,382
Q3AZM4,1.7013,85.06,0.0,154
Q9F5N7,1.7013,85.06,0.0,462
Q9D5Y1,1.7012,85.06,0.0,937
C1DEF3,1.701,85.05,0.0,194
B7UWJ4,1.701,85.05,0.0,194
Q2RLE0,1.7009,85.04,0.0,682
A8MYZ5,1.7009,85.05,0.0,107
Q54Z13,1.7009,85.05,0.0,107
Q492K6,1.7009,85.05,0.0,107
B1J9E8,1.7008,85.04,0.0,127
Q9A6V2,1.7008,85.04,0.0,127
A9GIP6,1.7008,85.04,0.0,127
Q87KE9,1.7008,85.04,0.0,127
P20487,1.7007,85.03,0.0,147
Q8P5M6,1.7007,85.04,0.0,675
A8WG43,1.7006,85.03,0.0,354
A4J9B4,1.7,85.0,0.0,180
Q85FR0,1.7,85.0,0.0,160
Q9SCS6,1.7,85.0,0.0,200
Q9WUF4,1.7,85.0,0.0,100
Q9BV40,1.7,85.0,0.0,100
Q3T0Y8,1.7,85.0,0.0,100
Q8RXJ0,1.7,85.0,0.0,440
Q15836,1.7,85.0,0.0,100
Q4R8T0,1.7,85.0,0.0,100
B8F7B7,1.6995,84.97,0.0,193
Q0T4F0,1.6995,84.97,0.0,193
Q5E6B6,1.6995,84.97,0.0,193
A1K2S9,1.6995,84.97,0.0,193
D8GR70,1.6995,84.97,0.0,193
A8AH08,1.6995,84.97,0.0,193
A9MRW5,1.6995,84.97,0.0,193
B5F6I8,1.6995,84.97,0.0,193
A8AI28,1.6995,84.98,0.0,406
A7FHZ1,1.6995,84.97,0.0,193
A1JM88,1.6995,84.97,0.0,193
A1TZ65,1.6995,84.97,0.0,193
B5XWQ1,1.6995,84.97,0.0,193
A7ZM87,1.6995,84.97,0.0,193
Q320Y4,1.6995,84.97,0.0,193
A4TJ27,1.6995,84.97,0.0,193
A3MYN7,1.6995,84.97,0.0,193
B7LQP3,1.6995,84.97,0.0,193
B2VEQ1,1.6995,84.97,0.0,193
Q38WK1,1.6994,84.97,0.0,173
Q04S14,1.6994,84.97,0.0,173
A3PEU2,1.6993,84.97,0.0,153
B9J095,1.6993,84.97,0.0,153
P75719,1.6993,84.97,0.0,153
Q1WTL2,1.6993,84.97,0.0,153
Q7V034,1.6993,84.97,0.0,153
A8G6V4,1.6993,84.97,0.0,153
Q318T8,1.6993,84.97,0.0,153
Q8EES3,1.6993,84.97,0.0,459
P00726,1.6993,84.97,0.0,153
A2BT28,1.6993,84.97,0.0,153
Q480Q1,1.6992,84.96,0.0,133
Q7NSE1,1.6991,84.96,0.0,113
A2RF77,1.6991,84.96,0.0,113
P0DH12,1.6991,84.96,0.0,113
Q8TJA8,1.699,84.95,0.0,671
Q8PYZ7,1.699,84.95,0.0,671
O31600,1.6988,84.94,0.0,405
Q5XBB2,1.6988,84.94,0.0,405
P02942,1.6987,84.94,0.0,551
P44043,1.6986,84.93,0.0,146
P57415,1.6986,84.93,0.0,511
A9MNV6,1.6985,84.92,0.0,199
Q3SWD2,1.6984,84.92,0.0,126
B7LI20,1.6984,84.92,0.0,126
Q8ZDB1,1.6984,84.92,0.0,126
Q6CPX2,1.6984,84.92,0.0,126
Q1QRN0,1.6984,84.92,0.0,126
Q8DDL3,1.6984,84.92,0.0,126
O51489,1.6983,84.91,0.0,232
Q1LM81,1.6983,84.92,0.0,179
B3R523,1.6983,84.92,0.0,179
A9MPE0,1.6983,84.92,0.0,179
B5F4L5,1.6983,84.92,0.0,179
C5CNT0,1.6983,84.92,0.0,179
B5FU57,1.6983,84.92,0.0,179
Q5MZD9,1.6983,84.91,0.0,464
Q31ZU8,1.6983,84.92,0.0,179
Q0KBH3,1.6983,84.92,0.0,179
Q5REK7,1.6981,84.91,0.0,106
Q1QTW5,1.6981,84.91,0.0,106
A6U785,1.6981,84.91,0.0,106
A7HVB1,1.6981,84.91,0.0,106
P48606,1.6981,84.91,0.0,106
P58164,1.698,84.9,0.0,457
B7US04,1.698,84.9,0.0,457
Q57PL1,1.698,84.9,0.0,457
B4TES5,1.698,84.9,0.0,404
Q321C2,1.698,84.9,0.0,457
Q8ZPP2,1.698,84.9,0.0,457
B5F6M2,1.698,84.9,0.0,457
B4TH65,1.698,84.9,0.0,457
B5QV34,1.698,84.9,0.0,457
B5FIH8,1.698,84.9,0.0,457
B4T562,1.698,84.9,0.0,457
A8A0L0,1.698,84.9,0.0,457
B8E548,1.6979,84.9,0.0,192
A6WN18,1.6979,84.9,0.0,192
A1SSX5,1.6979,84.9,0.0,192
A4Y6J0,1.6979,84.9,0.0,192
Q8EE81,1.6979,84.9,0.0,192
Q0HII0,1.6979,84.9,0.0,192
A8FUY0,1.6979,84.9,0.0,192
O66586,1.6978,84.89,0.0,139
Q9R0A8,1.6978,84.89,0.0,278
Q9SIA3,1.6975,84.87,0.0,476
Q8GXM8,1.6975,84.87,0.0,476
Q9C9U1,1.6975,84.87,0.0,476
P39154,1.6973,84.86,0.0,185
Q68XN8,1.6972,84.86,0.0,218
Q92J96,1.6972,84.86,0.0,218
P41083,1.6972,84.86,0.0,218
Q76I90,1.6972,84.86,0.0,469
Q1RHC0,1.6972,84.86,0.0,218
P45146,1.697,84.85,0.0,231
P0AD19,1.697,84.85,0.0,231
P32918,1.697,84.85,0.0,264
P08250,1.697,84.85,0.0,264
O07940,1.6967,84.84,0.0,455
B2VKV9,1.6966,84.83,0.0,178
P86889,1.6966,84.83,0.0,323
Q7N471,1.6966,84.83,0.0,178
Q8L731,1.6965,84.82,0.0,481
O46409,1.6963,84.82,0.0,382
Q9ZCW4,1.6963,84.81,0.0,507
Q3J8V3,1.696,84.8,0.0,125
C0H3R9,1.696,84.8,0.0,125
Q2NKW0,1.696,84.8,0.0,125
Q03QY4,1.6959,84.8,0.0,171
Q89A60,1.6959,84.79,0.0,388
Q88UT9,1.6959,84.8,0.0,171
Q5HMB5,1.6959,84.8,0.0,171
Q7WAK9,1.6957,84.78,0.0,460
Q7WJR0,1.6957,84.78,0.0,460
Q9WXU1,1.6956,84.78,0.0,473
Q5KWB4,1.6954,84.77,0.0,151
B7GGT5,1.6954,84.77,0.0,151
Q9JX23,1.6952,84.76,0.0,269
Q9K1H6,1.6952,84.76,0.0,269
Q2FVZ6,1.6952,84.76,0.0,105
Q1LG26,1.6952,84.76,0.0,105
P23532,1.6952,84.76,0.0,105
Q46UZ7,1.6952,84.76,0.0,105
Q92JP3,1.6951,84.76,0.0,164
B4ETN1,1.695,84.75,0.0,400
Q66GV0,1.6949,84.75,0.0,177
P42397,1.6949,84.75,0.0,177
Q8PH20,1.6948,84.74,0.0,675
P29654,1.6943,84.71,0.0,157
Q0AK30,1.694,84.7,0.0,183
Q7VKZ1,1.694,84.7,0.0,183
Q9CMZ9,1.694,84.7,0.0,464
O34894,1.694,84.7,0.0,562
Q33375,1.6939,84.69,0.0,196
Q7WTR3,1.6937,84.68,0.0,457
Q5QUB1,1.6937,84.68,0.0,111
A1JPA1,1.6937,84.68,0.0,457
Q32FA7,1.6937,84.68,0.0,457
A9MEJ6,1.6937,84.68,0.0,457
Q9K8M3,1.6935,84.68,0.0,124
C3JY55,1.6935,84.68,0.0,124
Q083B7,1.6935,84.68,0.0,124
A6WNG2,1.6935,84.68,0.0,124
B9M837,1.6935,84.68,0.0,124
O86225,1.6935,84.68,0.0,124
C1DKY9,1.6935,84.68,0.0,124
Q48H73,1.6935,84.68,0.0,124
B8EET6,1.6935,84.68,0.0,124
A5GAD3,1.6935,84.68,0.0,124
P45123,1.6935,84.67,0.0,398
Q87Q50,1.6935,84.68,0.0,124
B2V9L9,1.6935,84.68,0.0,124
B8DJU6,1.6935,84.68,0.0,124
A4Y6Z6,1.6935,84.68,0.0,124
Q8EER0,1.6935,84.68,0.0,124
A0KWW4,1.6935,84.68,0.0,124
A3QEI9,1.6935,84.68,0.0,124
A7MVI0,1.6935,84.68,0.0,124
Q3KA83,1.6935,84.68,0.0,124
Q39R93,1.6935,84.68,0.0,124
Q9SIA4,1.6933,84.66,0.0,476
B2T419,1.6932,84.66,0.0,176
Q13YZ8,1.6932,84.66,0.0,176
B4EBL0,1.6932,84.66,0.0,176
Q8ZPK3,1.693,84.65,0.0,215
Q94AL1,1.6929,84.65,0.0,482
Q97IQ3,1.6923,84.62,0.0,117
B1X3Y3,1.6923,84.62,0.0,156
Q95V77,1.6923,84.62,0.0,143
P57538,1.6923,84.62,0.0,390
P26426,1.6923,84.62,0.0,104
O28157,1.6923,84.62,0.0,143
Q8D5Z0,1.6923,84.62,0.0,104
B4TTD0,1.6915,84.58,0.0,402
A9N5P5,1.6915,84.58,0.0,402
Q57QJ1,1.6915,84.58,0.0,402
Q67XT3,1.6915,84.58,0.0,201
B2A6J4,1.6913,84.56,0.0,149
O34674,1.6912,84.56,0.0,544
Q3A5X3,1.6911,84.55,0.0,123
Q8YI12,1.6911,84.55,0.0,123
P9WJY6,1.6911,84.56,0.0,395
A0L889,1.6911,84.55,0.0,123
Q8YDR8,1.6911,84.55,0.0,246
Q6A9N9,1.6911,84.55,0.0,123
Q7MLF6,1.6911,84.55,0.0,123
B1JZ29,1.6909,84.55,0.0,110
Q0BGK5,1.6909,84.55,0.0,110
A4JD93,1.6909,84.55,0.0,110
Q81T85,1.6909,84.55,0.0,453
A0K6A8,1.6909,84.55,0.0,110
O82628,1.6909,84.55,0.0,110
P86247,1.6909,84.55,0.0,110
Q9U5P2,1.6909,84.55,0.0,110
Q63VA1,1.6909,84.55,0.0,110
Q2SUU5,1.6909,84.55,0.0,110
Q39HP5,1.6909,84.55,0.0,110
Q6HLG9,1.6909,84.55,0.0,453
B6J6X5,1.6906,84.53,0.0,181
A9ND08,1.6906,84.53,0.0,181
B6J0F8,1.6906,84.53,0.0,181
Q0ADQ5,1.6906,84.53,0.0,181
Q21FI6,1.6906,84.53,0.0,181
Q5PPZ5,1.6905,84.52,0.0,252
P0AGM1,1.6905,84.53,0.0,349
Q4R6W3,1.6905,84.53,0.0,601
A5GV75,1.6903,84.52,0.0,155
O29398,1.6902,84.51,0.0,297
P41941,1.6901,84.51,0.0,213
Q38951,1.6899,84.5,0.0,587
Q8TA52,1.6899,84.5,0.0,129
Q8FZV0,1.6899,84.5,0.0,129
Q57CD6,1.6899,84.5,0.0,129
Q38950,1.6899,84.5,0.0,587
P0DX00,1.6899,84.5,0.0,832
A6R620,1.6897,84.48,0.0,116
P54176,1.6895,84.47,0.0,219
Q32PJ2,1.6895,84.47,0.0,380
H0VVW3,1.6894,84.47,0.0,264
P0DTU6,1.6894,84.47,0.0,264
P40414,1.6894,84.47,0.0,161
C5BDY7,1.6893,84.46,0.0,457
A6TA11,1.6893,84.46,0.0,457
B5XWL3,1.6893,84.46,0.0,457
A4W9T2,1.6893,84.46,0.0,457
A8AQF0,1.6893,84.47,0.0,206
P36072,1.6893,84.47,0.0,103
A7ZMC9,1.6893,84.46,0.0,457
B6IBA3,1.6893,84.46,0.0,457
A7MN87,1.6892,84.46,0.0,148
A4W9G6,1.6892,84.46,0.0,148
A8AHH7,1.6892,84.46,0.0,148
B2VET5,1.6892,84.46,0.0,148
A6T7P0,1.6892,84.46,0.0,148
B2U422,1.6892,84.46,0.0,148
B5F873,1.6892,84.46,0.0,148
A9MFI4,1.6892,84.46,0.0,148
B7USG9,1.6892,84.46,0.0,148
B7L6R4,1.6892,84.46,0.0,148
C6UJA3,1.6892,84.46,0.0,148
B7LSP0,1.6892,84.46,0.0,148
Q8XDT4,1.6892,84.46,0.0,148
A7ZMQ9,1.6892,84.46,0.0,148
Q6D4W4,1.6891,84.46,0.0,193
Q7N4G1,1.6891,84.46,0.0,193
Q3Z1Y2,1.6891,84.46,0.0,193
A0KLJ2,1.6891,84.46,0.0,193
Q3A7W6,1.6891,84.46,0.0,193
Q2NSZ5,1.6891,84.46,0.0,193
C4LEP7,1.6891,84.46,0.0,193
A8GE02,1.6891,84.46,0.0,193
B4EVZ5,1.6891,84.46,0.0,193
B7M9Y1,1.6891,84.46,0.0,193
A4SNP5,1.6891,84.46,0.0,193
C6DH17,1.6891,84.46,0.0,193
C5BDE5,1.6891,84.46,0.0,193
Q482U3,1.6891,84.46,0.0,193
A7MMM2,1.6891,84.46,0.0,193
A8IQE0,1.689,84.45,0.0,894
P75187,1.6889,84.44,0.0,225
B1I6K8,1.6889,84.44,0.0,180
P39352,1.6889,84.44,0.0,405
Q5QX91,1.6889,84.44,0.0,180
Q54VX7,1.6889,84.44,0.0,135
C5BDB0,1.6889,84.44,0.0,180
Q55179,1.6886,84.43,0.0,533
Q91G57,1.6885,84.43,0.0,122
A5EX40,1.6885,84.43,0.0,122
F4JTB3,1.6885,84.43,0.0,488
Q01QP2,1.6885,84.43,0.0,122
Q8CTQ5,1.6885,84.43,0.0,122
B7T1R9,1.6883,84.42,0.0,154
P94516,1.6883,84.42,0.0,231
Q7UZM7,1.6881,84.4,0.0,109
Q0VPS7,1.6881,84.4,0.0,109
Q1D445,1.6881,84.4,0.0,109
F4HZH9,1.6879,84.39,0.0,487
Q72SY3,1.6879,84.39,0.0,173
Q0AUC9,1.6879,84.39,0.0,173
Q9BZW7,1.6877,84.38,0.0,698
Q55364,1.6876,84.38,0.0,461
A0Q1L0,1.6875,84.38,0.0,128
B0T2G5,1.6875,84.38,0.0,128
P42726,1.6875,84.38,0.0,416
Q39IS2,1.6875,84.38,0.0,128
Q7CH99,1.6875,84.38,0.0,384
B9L8U9,1.6875,84.38,0.0,128
Q9JI51,1.6875,84.38,0.0,224
Q1H042,1.6872,84.36,0.0,179
B7LS24,1.6872,84.36,0.0,179
Q0I4W6,1.6872,84.36,0.0,179
B5XT16,1.6872,84.36,0.0,179
Q5E4Y6,1.687,84.35,0.0,460
A7GVI2,1.687,84.35,0.0,230
D4A7T8,1.6868,84.34,0.0,364
Q58770,1.6867,84.34,0.0,415
B5F941,1.6866,84.33,0.0,402
P0DPR4,1.6866,84.33,0.0,434
O14038,1.6866,84.33,0.0,134
Q8Z7L0,1.6866,84.33,0.0,402
A2Z139,1.6866,84.33,0.0,134
C0Q842,1.6866,84.33,0.0,402
Q63DZ4,1.6865,84.33,0.0,453
A7Z9R3,1.6865,84.32,0.0,185
A5ESV8,1.6865,84.32,0.0,185
Q5R9B3,1.6865,84.33,0.0,689
B7MTI5,1.6863,84.31,0.0,408
C0ZBY5,1.6863,84.31,0.0,153
B7LFG4,1.6863,84.31,0.0,408
A7ZKF6,1.6863,84.31,0.0,408
A0RJJ3,1.6863,84.31,0.0,153
B7UP67,1.6863,84.31,0.0,408
B1LIV8,1.6863,84.31,0.0,408
P15811,1.6863,84.31,0.0,102
Q0TJ20,1.6863,84.31,0.0,408
B7NL82,1.6863,84.31,0.0,408
B7LT82,1.6863,84.31,0.0,408
B7HFA9,1.6863,84.31,0.0,153
A6NCN2,1.6863,84.31,0.0,255
Q759Y0,1.6862,84.31,0.0,478
P20601,1.686,84.3,0.0,172
A5VIQ7,1.686,84.3,0.0,172
Q1RI01,1.686,84.3,0.0,414
Q7NXN3,1.686,84.3,0.0,465
Q6DA13,1.686,84.3,0.0,344
C6DJS3,1.686,84.3,0.0,344
Q8G5C2,1.686,84.3,0.0,121
Q65DX0,1.686,84.3,0.0,172
B3EUR1,1.686,84.3,0.0,121
A8AL22,1.686,84.3,0.0,344
P64293,1.686,84.3,0.0,121
P36684,1.6859,84.29,0.0,191
C6DFD4,1.6858,84.29,0.0,401
O83534,1.6855,84.28,0.0,159
B2GLY6,1.6854,84.27,0.0,178
O67908,1.6854,84.27,0.0,178
O31686,1.6854,84.27,0.0,445
P0CK98,1.6853,84.27,0.0,947
Q15075,1.6853,84.55,0.28,1411
Q88DZ3,1.6853,84.26,0.0,197
B7LRA1,1.6852,84.26,0.0,108
Q45402,1.6852,84.26,0.0,108
A1RH70,1.6852,84.26,0.0,108
Q89B14,1.685,84.25,0.0,127
Q0BRW3,1.685,84.25,0.0,127
A7N142,1.685,84.25,0.0,127
Q6D7N0,1.685,84.25,0.0,127
Q72V37,1.685,84.25,0.0,127
Q93TE2,1.685,84.25,0.0,127
Q2SJB9,1.685,84.25,0.0,127
Q8EZS4,1.685,84.25,0.0,127
A7MFC3,1.6849,84.25,0.0,457
Q01IH3,1.6847,84.23,0.0,222
O42175,1.6846,84.23,0.0,260
A0Q145,1.6842,84.21,0.0,114
Q04FF4,1.6842,84.21,0.0,114
O31515,1.6842,84.21,0.0,209
Q65S81,1.6842,84.21,0.0,114
B3STP6,1.6842,84.21,0.0,228
A5UCU0,1.6842,84.21,0.0,114
P29770,1.6842,84.21,0.0,209
P96702,1.6842,84.21,0.0,114
Q4QLC9,1.6842,84.21,0.0,114
P0DMS6,1.6842,84.21,0.0,266
B0TA81,1.6842,84.21,0.0,152
Q6GQ71,1.684,84.2,0.0,462
O25291,1.6839,84.2,0.0,348
Q0GQS6,1.6839,84.2,0.0,386
Q9NQY0,1.6838,84.19,0.0,253
O34238,1.6838,84.19,0.0,525
Q8VYL8,1.6838,84.19,0.0,487
Q646D1,1.6838,84.19,0.0,291
Q645U1,1.6838,84.19,0.0,291
Q646B3,1.6838,84.19,0.0,291
Q645Y4,1.6838,84.19,0.0,291
Q5ZKK5,1.6837,84.18,0.0,822
P29650,1.6835,84.18,0.0,158
O34950,1.6832,84.16,0.0,101
P53089,1.6832,84.16,0.0,101
Q54GB3,1.6832,84.16,0.0,101
O70404,1.6832,84.16,0.0,101
P55925,1.6831,84.15,0.0,284
Q92PZ0,1.6831,84.15,0.0,467
P62295,1.683,84.15,0.0,1527
C5BC70,1.6829,84.15,0.0,410
D0KMH4,1.6828,84.14,0.0,145
B0R5T0,1.6827,84.14,0.0,643
A4SR87,1.6826,84.13,0.0,397
A0KGK4,1.6826,84.13,0.0,397
Q2G4F1,1.6825,84.13,0.0,126
Q8XZR2,1.6825,84.13,0.0,126
B2JCE3,1.6825,84.13,0.0,126
Q8VM97,1.6825,84.13,0.0,126
Q1J232,1.6825,84.13,0.0,126
B2UAT6,1.6825,84.13,0.0,126
B3R2M9,1.6825,84.13,0.0,126
Q46ZT1,1.6825,84.13,0.0,126
Q06SG8,1.6824,84.12,0.0,170
B0UHJ2,1.6822,84.11,0.0,107
A7ZZ10,1.6822,84.11,0.0,409
P37873,1.6822,84.11,0.0,214
Q2IXI5,1.6822,84.11,0.0,107
Q8UGH9,1.6822,84.11,0.0,107
A4IRQ2,1.6821,84.11,0.0,151
Q6NPG7,1.6821,84.1,0.0,195
O34663,1.6821,84.1,0.0,390
P28303,1.6819,84.1,0.0,459
Q8IQ72,1.6819,84.1,0.0,371
P0AF81,1.6818,84.09,0.0,132
Q54JW5,1.6818,84.09,0.0,220
Q8YQ15,1.6818,84.09,0.0,396
Q04G24,1.6818,84.09,0.0,176
Q8ZQ19,1.6816,84.08,0.0,402
Q2JIF7,1.6815,84.08,0.0,157
Q6NY15,1.6815,84.07,0.0,697
Q54QR9,1.6815,84.08,0.0,584
Q8DUV9,1.6814,84.07,0.0,113
Q6D2F4,1.6814,84.07,0.0,113
D2BX50,1.6814,84.07,0.0,408
B7NAS9,1.6814,84.07,0.0,408
Q2KI29,1.6814,84.07,0.0,113
Q09543,1.6814,84.07,0.0,590
Q7M915,1.6813,84.07,0.0,182
Q7MRX1,1.6813,84.07,0.0,182
P53173,1.6812,84.06,0.0,138
A7ML63,1.6812,84.06,0.0,345
P81321,1.6812,84.06,0.0,138
A4QNC6,1.6812,84.06,0.0,138
Q487D7,1.6812,84.06,0.0,207
Q9WZS2,1.681,84.05,0.0,464
Q4AAW1,1.6809,84.04,0.0,188
Q57239,1.6809,84.05,0.0,257
Q4A8W3,1.6809,84.04,0.0,188
P65721,1.6808,84.04,0.0,213
P30153,1.6808,84.04,0.0,589
Q76MZ3,1.6808,84.04,0.0,589
Q7N568,1.6808,84.04,0.0,401
Q32PI5,1.6808,84.04,0.0,589
Q02009,1.6807,84.03,0.0,119
Q6CJ06,1.6807,84.04,0.0,451
Q492K8,1.6806,84.03,0.0,407
O83529,1.6806,84.03,0.0,526
Q8ZKL0,1.6805,84.03,0.0,313
P48087,1.6805,84.02,0.0,169
Q21898,1.6805,84.02,0.0,169
Q0VP41,1.6804,84.02,0.0,194
Q89AX0,1.6804,84.02,0.0,194
Q99P69,1.6803,84.02,0.0,463
B7LVD6,1.6802,84.01,0.0,344
B7L9F9,1.6802,84.01,0.0,344
B7NFK5,1.6802,84.01,0.0,344
A8A711,1.6802,84.01,0.0,344
Q3YV70,1.6802,84.01,0.0,344
C6CQK7,1.68,84.0,0.0,150
C4K3H9,1.68,84.0,0.0,150
Q31ZC0,1.68,84.0,0.0,400
B2HTU4,1.68,84.0,0.0,150
C1F686,1.68,84.0,0.0,125
C6CC69,1.68,84.0,0.0,150
O55102,1.68,84.0,0.0,125
Q6FY24,1.68,84.0,0.0,100
Q58348,1.68,84.0,0.0,250
P21822,1.6799,83.99,0.0,556
Q8I1F0,1.6797,83.99,0.0,587
Q1C1N6,1.6796,83.98,0.0,206
G0HQZ5,1.6796,83.98,0.0,181
Q9K6F9,1.6796,83.98,0.0,181
P31403,1.6795,83.97,0.0,156
Q63S57,1.6795,83.97,0.0,468
P55277,1.6795,83.97,0.0,156
A8HU57,1.6792,83.96,0.0,106
Q66H89,1.6792,83.96,0.0,692
A6X1X0,1.6792,83.96,0.0,106
Q9D5R3,1.6792,83.96,0.0,692
B2TDV1,1.6792,83.96,0.0,106
O50097,1.6792,83.96,0.0,212
O35166,1.6792,83.96,0.0,212
P39589,1.6792,83.96,0.0,399
Q2KAC5,1.6792,83.96,0.0,106
Q92R68,1.6792,83.96,0.0,106
Q9ZLR4,1.6791,83.95,0.0,349
P41014,1.679,83.95,0.0,162
Q8CDV0,1.679,83.95,0.0,866
P52219,1.6789,83.94,0.0,218
B1P0S1,1.6789,83.94,0.0,218
Q3IKD8,1.6788,83.94,0.0,193
B0UUS0,1.6788,83.94,0.0,193
Q0I487,1.6788,83.94,0.0,193
Q5QVY3,1.6786,83.93,0.0,112
P36179,1.6785,83.93,0.0,591
A6X7E7,1.6784,83.92,0.0,398
Q38FI2,1.6783,83.92,0.0,143
P76470,1.6783,83.92,0.0,429
A9VTH6,1.6783,83.91,0.0,230
C3P2J6,1.6783,83.91,0.0,230
P30629,1.6783,83.92,0.0,143
P26681,1.6782,83.91,0.0,174
B0SDA1,1.6782,83.91,0.0,174
Q9P7G8,1.678,83.9,0.0,118
A1JQ17,1.6778,83.89,0.0,180
C3PNB2,1.6778,83.89,0.0,180
Q3A931,1.6778,83.89,0.0,180
Q2NGB4,1.6778,83.89,0.0,180
Q68WY5,1.6778,83.89,0.0,180
A8EZ38,1.6778,83.89,0.0,180
Q1RJQ9,1.6778,83.89,0.0,180
B0BXD2,1.6778,83.89,0.0,180
Q9ZDD9,1.6778,83.89,0.0,180
Q4ULV9,1.6778,83.89,0.0,180
A8GNA3,1.6778,83.89,0.0,180
A8F1G3,1.6778,83.89,0.0,180
Q8DZH6,1.6776,83.88,0.0,335
Q87ZS8,1.6774,83.87,0.0,124
B0KLW9,1.6774,83.87,0.0,124
Q72BN6,1.6774,83.87,0.0,124
Q30ZJ7,1.6774,83.87,0.0,124
A5UW67,1.6774,83.87,0.0,124
A4VLU8,1.6774,83.87,0.0,124
A5W1H5,1.6774,83.87,0.0,124
Q89Z03,1.6774,83.87,0.0,124
A1S6H4,1.6774,83.87,0.0,124
Q4ZRL4,1.6774,83.87,0.0,124
A6MVW7,1.6774,83.87,0.0,155
Q4K9V6,1.6774,83.87,0.0,124
Q9FC37,1.6774,83.87,0.0,124
Q32905,1.6774,83.87,0.0,124
P61389,1.6774,83.87,0.0,124
O59276,1.6774,83.87,0.0,341
A6H0J1,1.6774,83.87,0.0,124
Q1AYN2,1.6774,83.87,0.0,124
B4EV00,1.6774,83.87,0.0,124
A1B057,1.6774,83.87,0.0,124
P44832,1.6771,83.85,0.0,192
A0A0H2VG78,1.6771,83.86,0.0,446
Q9LUH2,1.6771,83.86,0.0,477
Q8RWF5,1.677,83.85,0.0,483
Q9NYV7,1.677,83.85,0.0,291
P96689,1.6769,83.84,0.0,229
Q93Z80,1.6769,83.84,0.0,458
B8I378,1.6769,83.85,0.0,130
Q2JPX1,1.6769,83.85,0.0,130
A0A2Y9HRR8,1.6767,83.83,0.0,266
P0DTQ9,1.6767,83.83,0.0,266
Q0T5W7,1.6766,83.83,0.0,402
A6V6H6,1.6766,83.83,0.0,402
A7ZZ23,1.6766,83.83,0.0,402
B5RBD4,1.6766,83.83,0.0,402
Q83LI8,1.6766,83.83,0.0,402
Q08791,1.6765,83.82,0.0,408
P43989,1.6765,83.82,0.0,204
O52728,1.6765,83.82,0.0,204
O28474,1.6765,83.82,0.0,340
P55682,1.6764,83.82,0.0,377
Q4ULW4,1.6763,83.82,0.0,414
B1HM52,1.6763,83.82,0.0,173
A3KQH2,1.6763,83.82,0.0,346
Q6GEW8,1.6763,83.82,0.0,173
Q96CS2,1.6763,83.81,0.0,278
Q03EL0,1.6763,83.82,0.0,173
A7X4U9,1.6763,83.82,0.0,173
A1W5M0,1.6762,83.81,0.0,105
P0CB23,1.6762,83.81,0.0,1050
B8F426,1.6762,83.81,0.0,105
A8M2J7,1.676,83.8,0.0,179
Q32GU0,1.676,83.8,0.0,179
Q21VT9,1.676,83.8,0.0,179
A7ZL35,1.676,83.8,0.0,179
A6T7V7,1.676,83.8,0.0,179
Q8BVN0,1.6759,83.79,0.0,290
Q9JI08,1.6759,83.79,0.0,253
Q879Z5,1.6759,83.8,0.0,469
Q9PA34,1.6759,83.8,0.0,469
Q68FW8,1.6759,83.79,0.0,253
Q6D469,1.6758,83.79,0.0,401
B5XSD1,1.6757,83.78,0.0,148
O28703,1.6757,83.78,0.0,259
A0PZ39,1.6757,83.78,0.0,185
O82703,1.6757,83.78,0.0,111
P94774,1.6754,83.77,0.0,345
A7Z7K2,1.6753,83.77,0.0,154
O34811,1.6753,83.77,0.0,154
Q797E3,1.6753,83.76,0.0,388
Q65G86,1.6753,83.77,0.0,154
Q62LW6,1.6752,83.76,0.0,468
P80999,1.675,83.75,0.0,240
B7KIT4,1.6748,83.74,0.0,123
P20598,1.6748,83.74,0.0,123
Q9CDA3,1.6748,83.74,0.0,123
Q67S16,1.6748,83.74,0.0,123
Q83PD8,1.6744,83.72,0.0,344
A7ZUB9,1.6744,83.72,0.0,344
B1IVH1,1.6744,83.72,0.0,344
B3E0Z6,1.6744,83.72,0.0,172
Q8X3T0,1.6744,83.72,0.0,344
C5A075,1.6744,83.72,0.0,344
B7UNM8,1.6744,83.72,0.0,344
Q8K942,1.6744,83.72,0.0,387
Q2W8M7,1.6743,83.72,0.0,436
P96604,1.6743,83.71,0.0,350
P0DMS2,1.6742,83.71,0.0,264
O05215,1.6742,83.71,0.0,178
Q6TFL3,1.6742,83.71,0.0,1326
Q8DRY7,1.6742,83.71,0.0,264
Q59WU8,1.6742,83.71,0.0,485
A7MMH0,1.6742,83.71,0.0,178
A6VMQ5,1.6742,83.71,0.0,178
Q4UMJ9,1.6741,83.7,0.0,405
P59195,1.6741,83.7,0.0,405
Q8X6P4,1.6741,83.7,0.0,405
D8MQN9,1.674,83.7,0.0,411
P9WEP5,1.674,83.7,0.0,227
O27840,1.6739,83.7,0.0,184
Q9SX83,1.6736,83.68,0.0,484
Q38845,1.6735,83.67,0.0,588
Q9V274,1.6733,83.66,0.0,202
P08064,1.6733,83.66,0.0,202
A9MGZ7,1.6733,83.66,0.0,404
Q8C6U2,1.6733,83.66,0.0,202
P0DX02,1.6733,83.67,0.0,649
Q1C0I3,1.6732,83.66,0.0,153
P20928,1.6731,83.65,0.0,104
Q49135,1.6731,83.65,0.0,208
P61784,1.6731,83.65,0.0,104
Q2NXY9,1.673,83.65,0.0,318
O67662,1.6729,83.64,0.0,269
A4SN46,1.6727,83.64,0.0,110
Q1QB31,1.6727,83.64,0.0,110
Q4FT89,1.6727,83.64,0.0,110
P86246,1.6727,83.64,0.0,110
Q1QAM6,1.6727,83.64,0.0,110
A0KKX4,1.6727,83.64,0.0,110
Q9SP55,1.6727,83.64,0.0,110
A1SSH6,1.6727,83.64,0.0,110
P0ABM0,1.6727,83.64,0.0,220
B2UI31,1.6727,83.64,0.0,110
Q83QV3,1.6727,83.64,0.0,220
A1WES5,1.6727,83.64,0.0,110
Q8XQF2,1.6727,83.64,0.0,110
A1VWH8,1.6727,83.64,0.0,110
O82702,1.6727,83.64,0.0,110
B0CF38,1.6724,84.84,1.22,409
Q5BJE1,1.6724,83.62,0.0,867
P96710,1.6724,83.62,0.0,464
B0BPR4,1.6721,83.61,0.0,183
A7GAF5,1.6721,83.61,0.0,183
O28148,1.6721,83.61,0.0,244
Q9PHZ4,1.6721,83.61,0.0,122
A3N0Y0,1.6721,83.61,0.0,183
A8FKU3,1.6721,83.61,0.0,122
B3GXW4,1.6721,83.61,0.0,183
P0DP70,1.6721,83.61,0.0,122
B9KG48,1.6721,83.61,0.0,122
A5HYT8,1.6721,83.61,0.0,183
Q8XLL2,1.6719,83.59,0.0,128
Q4QMV0,1.6719,83.59,0.0,128
Q2SYD4,1.6719,83.59,0.0,128
Q0TRL0,1.6719,83.59,0.0,128
A3MMS6,1.6719,83.59,0.0,128
A3NYA3,1.6719,83.59,0.0,128
A5UEC3,1.6719,83.59,0.0,128
Q65DJ4,1.6719,83.59,0.0,128
A5UHA1,1.6719,83.59,0.0,128
Q7N3V2,1.6718,83.59,0.0,457
B7LFZ9,1.6716,83.58,0.0,402
A8AI11,1.6716,83.58,0.0,402
Q7AFA1,1.6716,83.58,0.0,402
A7ZKH0,1.6716,83.58,0.0,402
A7MG31,1.6716,83.58,0.0,402
P96709,1.6716,83.58,0.0,402
Q9I2B6,1.6716,83.58,0.0,402
Q02LE0,1.6716,83.58,0.0,402
Q92I85,1.6715,83.57,0.0,414
P0AF17,1.6712,83.56,0.0,511
Q9UT08,1.6712,83.56,0.0,590
P0AEQ8,1.6712,83.56,0.0,219
P47649,1.6711,83.56,0.0,225
C6VQL6,1.6711,83.55,0.0,152
Q835X3,1.6711,83.55,0.0,152
Q50HP3,1.6711,83.55,0.0,152
B1I4G8,1.6711,83.55,0.0,152
Q4UNI0,1.6707,83.54,0.0,164
Q38674,1.6707,83.54,0.0,164
O27279,1.6707,83.53,0.0,334
Q56A40,1.6706,83.53,0.0,941
A2C4J7,1.6706,83.53,0.0,170
Q57593,1.6706,83.53,0.0,170
Q7V035,1.6706,83.53,0.0,170
A2BYH8,1.6706,83.53,0.0,170
P44958,1.6706,83.53,0.0,510
P07661,1.6705,83.53,0.0,431
Q831A1,1.6705,83.52,0.0,176
Q72E00,1.6705,83.52,0.0,176
B4E9G3,1.6705,83.53,0.0,516
Q8D2N9,1.6703,83.52,0.0,182
P46333,1.6703,83.51,0.0,461
Q8EM65,1.6703,83.52,0.0,182
A0JY68,1.6703,83.52,0.0,182
Q601Z9,1.6702,83.51,0.0,188
Q98D15,1.6702,83.51,0.0,467
Q9C994,1.6701,83.51,0.0,485
Q646E7,1.6701,83.51,0.0,291
Q82TF3,1.6701,84.38,0.88,685
Q646D8,1.67,83.5,0.0,303
O34440,1.67,83.5,0.0,406
Q646B6,1.67,83.5,0.0,303
Q9NYV9,1.67,83.5,0.0,303
B8HWF5,1.67,84.24,0.74,406
A0A0H3LM39,1.6699,83.5,0.0,309
O14653,1.6698,83.49,0.0,212
O35165,1.6698,83.49,0.0,212
O34524,1.6698,83.49,0.0,321
O45166,1.6698,83.49,0.0,424
A3PFC1,1.6697,83.49,0.0,109
Q41773,1.6697,83.49,0.0,109
A6SU72,1.6697,83.49,0.0,109
A4G1F7,1.6697,83.49,0.0,109
P18034,1.6696,83.48,0.0,115
A7Z7N6,1.6696,83.48,0.0,563
P08702,1.6696,83.48,0.0,115
Q8D892,1.6696,83.48,0.0,115
A8C8W8,1.6694,83.47,0.0,121
Q49YL2,1.6694,83.47,0.0,121
P69264,1.6694,83.47,0.0,121
O57273,1.6694,83.47,0.0,121
A6L6X8,1.6694,83.47,0.0,121
Q8KA64,1.6693,83.46,0.0,127
A6VB55,1.6693,83.46,0.0,127
Q02H57,1.6693,83.46,0.0,127
B7UZG1,1.6693,83.46,0.0,127
C6DBV4,1.6693,83.46,0.0,127
Q82U09,1.6693,83.46,0.0,127
P61785,1.6693,83.46,0.0,127
B2IK19,1.6693,83.46,0.0,127
Q06916,1.6693,83.46,0.0,254
Q8PKZ5,1.6692,83.46,0.0,133
P0DP49,1.6692,83.46,0.0,266
P22475,1.6692,83.46,0.0,133
P0DMS4,1.6692,83.46,0.0,266
Q8Z257,1.6691,83.46,0.0,405
A8GCZ5,1.6691,83.45,0.0,411
C0Q135,1.6691,83.46,0.0,405
B5R3Y2,1.6691,83.46,0.0,405
P37621,1.6691,83.46,0.0,405
Q8FCN5,1.6691,83.46,0.0,405
O13652,1.669,83.45,0.0,840
Q5QV33,1.669,83.45,0.0,284
P40780,1.6689,83.44,0.0,151
Q2JSV8,1.6688,83.44,0.0,157
O16110,1.6688,83.44,0.0,157
P35012,1.6688,83.44,0.0,157
Q8YFD7,1.6688,83.44,0.0,471
P59532,1.6688,83.44,0.0,308
P58163,1.6688,83.44,0.0,471
P29644,1.6688,83.44,0.0,157
B3QLV1,1.6686,83.43,0.0,175
B5F0N1,1.6686,83.43,0.0,344
A6TGB1,1.6686,83.43,0.0,344
A4WG89,1.6686,83.43,0.0,344
B5XZ47,1.6686,83.43,0.0,344
B3QZF0,1.6686,83.43,0.0,175
A1BJW4,1.6686,83.43,0.0,175
B3EIJ6,1.6686,83.43,0.0,175
A1AI84,1.6686,83.43,0.0,344
Q3ANW4,1.6686,83.43,0.0,175
B5FPP7,1.6686,83.43,0.0,344
B4S6E4,1.6686,83.43,0.0,175
A7FN78,1.6686,83.43,0.0,344
B4SH38,1.6686,83.43,0.0,175
Q4IPX8,1.6686,83.43,0.0,175
Q5PKI0,1.6686,83.43,0.0,344
B2TVP9,1.6686,83.43,0.0,344
Q3B143,1.6686,83.43,0.0,175
B3EQ96,1.6686,83.43,0.0,175
Q8KGE9,1.6686,83.43,0.0,175
A4SGZ0,1.6686,83.43,0.0,175
Q8Z2V6,1.6686,83.43,0.0,344
Q2Y767,1.6685,83.43,0.0,181
Q82Y34,1.6685,83.43,0.0,181
B0RED8,1.6685,83.43,0.0,181
Q2ST38,1.6685,83.43,0.0,181
Q47ZC7,1.6685,83.43,0.0,181
A7H1P4,1.6684,83.42,0.0,187
B0D1L7,1.6684,83.42,0.0,187
A8FJX5,1.6684,83.42,0.0,187
Q1RI77,1.6683,83.42,0.0,404
Q8XB84,1.6683,83.41,0.0,410
B7MW36,1.6682,83.41,0.0,211
B7MCM5,1.6682,83.41,0.0,211
O27724,1.6682,83.41,0.0,217
Q8XB73,1.6682,83.41,0.0,211
Q46831,1.6681,83.4,0.0,235
B8D969,1.668,83.4,0.0,247
Q1C0W4,1.6676,83.38,0.0,343
Q17YP7,1.6675,83.38,0.0,391
P02651,1.6675,83.38,0.0,391
P32135,1.6675,83.37,0.0,421
Q44470,1.6674,83.37,0.0,433
Q7VMB5,1.6674,83.37,0.0,463
A6T8U5,1.6667,83.33,0.0,108
Q5WJQ1,1.6667,83.33,0.0,114
Q6CZM7,1.6667,83.33,0.0,318
Q9XB52,1.6667,83.33,0.0,318
Q6PBU0,1.6667,83.33,0.0,138
Q96C01,1.6667,83.33,0.0,138
Q1GJZ3,1.6667,83.33,0.0,126
Q0T4M5,1.6667,83.33,0.0,108
A4WA77,1.6667,83.33,0.0,108
A1JL11,1.6667,83.33,0.0,150
B4EY74,1.6667,83.33,0.0,150
A6T7D8,1.6667,83.33,0.0,402
A7ZM41,1.6667,83.33,0.0,108
A5F4D3,1.6667,83.33,0.0,126
Q58514,1.6667,83.33,0.0,192
C0ZPH6,1.6667,83.33,0.0,108
P45023,1.6667,83.33,0.0,210
Q9QJ18,1.6667,83.33,0.0,114
Q3Z351,1.6667,83.33,0.0,402
Q2NS78,1.6667,83.33,0.0,150
B5F6E1,1.6667,83.33,0.0,108
A9MRN4,1.6667,83.33,0.0,108
A7MEI3,1.6667,83.33,0.0,108
B4YNF1,1.6667,83.33,0.0,162
Q3J5J7,1.6667,83.33,0.0,108
B5XR73,1.6667,83.33,0.0,108
A7FG53,1.6667,83.33,0.0,150
B7NUQ7,1.6667,83.33,0.0,108
B1LEV4,1.6667,83.33,0.0,108
B7NB32,1.6667,83.33,0.0,108
Q8X7A6,1.6667,83.33,0.0,108
B7URS1,1.6667,83.33,0.0,108
B3PHW0,1.6667,83.33,0.0,108
B8D9X7,1.6667,83.33,0.0,102
C6DGG6,1.6667,83.33,0.0,318
A7I227,1.6667,83.33,0.0,126
Q1QUC2,1.6667,83.33,0.0,132
B7NL69,1.6667,83.33,0.0,402
P0DTV2,1.6667,83.33,0.0,264
Q7N3J0,1.6667,83.33,0.0,150
Q57719,1.6667,83.33,0.0,180
Q606P3,1.6667,83.33,0.0,228
A8GE50,1.6667,83.33,0.0,108
P0DTU5,1.6667,83.33,0.0,264
A1JMQ7,1.6667,83.33,0.0,108
Q1QLU4,1.6667,83.33,0.0,108
Q1XDP2,1.6667,83.33,0.0,156
Q6FJ38,1.6667,83.33,0.0,108
Q8AWF4,1.6667,83.33,0.0,462
Q7NWP1,1.6667,83.33,0.0,126
Q8TJN1,1.6667,83.33,0.0,186
Q49VD3,1.6667,83.33,0.0,120
A3PGT6,1.6667,83.33,0.0,108
Q24VQ6,1.6667,83.33,0.0,114
P77682,1.6667,83.33,0.0,120
Q8DGM9,1.6667,84.3,0.97,414
B5FHP9,1.6667,83.33,0.0,108
Q5PHH0,1.6667,83.33,0.0,108
Q8Z6Z2,1.6667,83.33,0.0,108
B4TVH1,1.6667,83.33,0.0,108
Q32G46,1.6667,83.33,0.0,108
Q2RIS7,1.6667,84.08,0.74,672
Q6FF10,1.6667,83.33,0.0,126
A7GLN1,1.6667,84.13,0.79,378
P0DMS3,1.6667,83.33,0.0,264
Q9T1D7,1.6667,83.33,0.0,120
Q8CDI7,1.6667,83.33,0.0,1110
O34367,1.6667,83.33,0.0,396
A8AGU5,1.6667,83.33,0.0,108
B9KLG9,1.6667,83.33,0.0,108
Q8XFG0,1.6659,83.29,0.0,413
Q62I47,1.6658,83.29,0.0,407
A3NYL8,1.6658,83.29,0.0,407
Q93NB7,1.6655,83.27,0.0,275
P45033,1.6652,83.26,0.0,221
O67053,1.6652,84.62,1.36,221
Q9KCE6,1.6651,83.26,0.0,215
A0A1C7E424,1.6651,83.96,0.71,424
E8XY75,1.665,83.25,0.0,412
Q8VNU8,1.665,83.25,0.0,197
B1ZWP0,1.6649,83.24,0.0,185
Q58061,1.6649,83.25,0.0,191
A3CX65,1.6649,83.24,0.0,185
A8ERN6,1.6648,83.24,0.0,179
B7UQE5,1.6648,83.24,0.0,179
A8AG55,1.6648,83.24,0.0,179
Q68XP8,1.6647,83.23,0.0,167
P16572,1.6646,83.23,0.0,161
Q8YZK7,1.6646,83.23,0.0,161
G2TRN8,1.6645,83.23,0.0,155
Q57389,1.6644,83.22,0.0,298
Q8ENQ1,1.6642,83.21,0.0,268
Q2NTK5,1.6642,83.21,0.0,405
Q214E7,1.6641,83.21,0.0,131
Q6GDQ7,1.6641,83.21,0.0,131
Q5SLF8,1.664,83.2,0.0,125
Q576D9,1.664,83.2,0.0,250
C0QDP8,1.664,83.2,0.0,125
B6YRY9,1.664,83.2,0.0,125
Q8FUN2,1.664,83.2,0.0,250
C0HMB5,1.6639,83.19,0.0,119
P42649,1.6639,83.19,0.0,238
Q75JC8,1.6637,83.19,0.0,113
P94574,1.6637,83.19,0.0,452
Q9RCT3,1.6637,83.19,0.0,113
P33637,1.6637,83.19,0.0,113
Q8N2U0,1.6637,83.19,0.0,113
O04350,1.6637,83.19,0.0,113
Q984U2,1.6636,83.18,0.0,107
Q3M278,1.6636,83.18,0.0,107
Q9RH13,1.6636,83.18,0.0,107
Q1GVA0,1.6636,83.18,0.0,107
Q3IKL0,1.6636,83.18,0.0,107
B8IDA3,1.6636,83.18,0.0,107
O31525,1.6635,83.17,0.0,208
B0ULL4,1.6634,83.17,0.0,101
B8IUV6,1.6634,83.17,0.0,101
B2FN96,1.6634,83.17,0.0,101
Q645Z5,1.6634,83.17,0.0,303
Q5UPC1,1.6634,83.17,0.0,101
Q0AHJ0,1.6634,83.17,0.0,101
Q5P1E0,1.6634,83.17,0.0,101
B2T2F7,1.6634,83.17,0.0,101
Q5F625,1.6634,83.17,0.0,101
Q0KCS0,1.6634,83.17,0.0,101
D0ZHC6,1.6634,83.17,0.0,410
Q8XXR1,1.6634,83.17,0.0,101
Q2ST39,1.6634,83.17,0.0,101
Q4AAW2,1.6634,83.17,0.0,101
B2JDL8,1.6634,83.17,0.0,101
C6WX51,1.6634,83.17,0.0,101
B1YTP7,1.6634,83.17,0.0,101
Q473T3,1.6634,83.17,0.0,101
A3PIY2,1.6634,83.17,0.0,101
Q9A6Y6,1.6634,83.17,0.0,101
A4JGC0,1.6634,83.17,0.0,101
A0K913,1.6634,83.17,0.0,101
Q82TV3,1.6634,83.17,0.0,101
P0C7Q1,1.6634,83.17,0.0,202
A1K5B8,1.6634,83.17,0.0,101
Q1GTK9,1.6634,83.17,0.0,101
Q1LPV3,1.6634,83.17,0.0,101
B3R3X7,1.6634,83.17,0.0,101
Q3SJP7,1.6634,83.17,0.0,101
Q9PGI5,1.6634,83.17,0.0,101
Q87EP5,1.6634,83.17,0.0,101
B4SQS6,1.6634,83.17,0.0,101
Q8K922,1.6634,83.17,0.0,101
P29923,1.6634,83.17,0.0,101
Q5LPT3,1.6634,83.17,0.0,101
Q8N998,1.6631,83.16,0.0,374
Q2YTZ1,1.6631,83.69,0.53,374
O52733,1.663,83.15,0.0,457
P68292,1.6629,83.15,0.0,267
G3QY98,1.6629,83.15,0.0,267
P0DJG1,1.6629,83.15,0.0,267
A6W0S1,1.6629,83.15,0.0,178
Q9Z220,1.6629,83.15,0.0,712
P0DM91,1.6629,83.15,0.0,267
P55718,1.6629,83.15,0.0,178
P72273,1.6629,83.15,0.0,178
P43971,1.6628,83.14,0.0,172
Q7SCY7,1.6628,83.14,0.0,172
Q8IYE0,1.6628,83.14,0.0,955
B5RFC1,1.6628,83.14,0.0,344
Q2W724,1.6628,83.14,0.0,261
Q6FPD4,1.6626,83.13,0.0,409
P25515,1.6625,83.12,0.0,160
Q9C0W5,1.6625,83.12,0.0,160
B0BMJ2,1.6624,83.12,0.0,314
Q54764,1.6623,83.12,0.0,231
Q55688,1.6623,83.12,0.0,231
O33814,1.6623,83.12,0.0,462
E7B4A5,1.6622,83.11,0.0,148
P9WFM4,1.6621,83.11,0.0,367
P54536,1.6621,83.11,0.0,219
Q7CB38,1.6619,83.09,0.0,349
Q8ZNK7,1.6619,83.09,0.0,349
P0DTR0,1.6617,83.08,0.0,266
B3ECE6,1.6617,83.08,0.0,266
Q9UZ49,1.6617,83.08,0.0,201
Q0AUC1,1.6615,83.08,0.0,195
Q99WT8,1.6615,83.08,0.0,130
Q21Y62,1.6615,83.08,0.0,130
Q50862,1.6615,83.08,0.0,260
Q6GCI4,1.6615,83.08,0.0,130
A0A0H2XIK2,1.6615,83.08,0.0,130
C1EZN6,1.6614,83.6,0.53,378
Q58918,1.6613,83.06,0.0,124
Q7N768,1.6613,83.06,0.0,124
A0A023PZL2,1.6613,83.06,0.0,124
Q12NE6,1.6613,83.06,0.0,124
B8CP83,1.6613,83.06,0.0,124
Q82NI3,1.6613,83.06,0.0,124
Q89UC1,1.6613,83.06,0.0,124
A8H4R3,1.6613,83.06,0.0,124
Q3SK07,1.6613,83.06,0.0,124
Q8BL66,1.6612,83.35,0.28,1411
Q898D6,1.6612,83.06,0.0,183
Q8ZPK1,1.661,83.05,0.0,236
Q929T7,1.661,83.05,0.0,118
Q24VQ5,1.661,83.05,0.0,118
Q49YL3,1.661,83.05,0.0,118
Q8Y5I1,1.661,83.05,0.0,118
Q71XT2,1.661,83.05,0.0,118
Q89W72,1.6609,83.05,0.0,466
A1JRQ2,1.6608,83.04,0.0,401
P36875,1.6608,83.04,0.0,395
P96675,1.6608,83.04,0.0,395
A5GV74,1.6608,83.04,0.0,171
Q89AI1,1.6608,83.04,0.0,513
O09686,1.6607,83.04,0.0,112
Q9CMI8,1.6607,83.04,0.0,112
Q58474,1.6607,83.04,0.0,112
Q87MX8,1.6607,83.04,0.0,112
Q47CR9,1.6607,83.04,0.0,112
A2SGC9,1.6607,83.04,0.0,112
Q67NP8,1.6607,83.04,0.0,112
P11502,1.6607,83.04,0.0,112
O09688,1.6607,83.04,0.0,112
Q97TA9,1.6607,83.04,0.0,336
Q8DRN6,1.6607,83.04,0.0,336
D0ZXQ3,1.6606,83.03,0.0,495
P29960,1.6606,83.03,0.0,218
O31603,1.6606,83.03,0.0,218
B2JLR2,1.6604,83.02,0.0,106
B1LZP1,1.6604,83.02,0.0,106
A0A194XJW1,1.6604,83.02,0.0,159
Q13PK0,1.6604,83.02,0.0,106
A5EZT0,1.6604,83.02,0.0,106
Q26250,1.6604,83.02,0.0,159
Q1MJ35,1.6604,83.02,0.0,106
Q22931,1.6604,83.02,0.0,424
B5ZW93,1.6604,83.02,0.0,106
Q11PU6,1.6604,83.02,0.0,106
Q7VSE8,1.6602,83.01,0.0,206
P04639,1.6602,83.01,0.0,259
Q7WD13,1.6602,83.01,0.0,206
P30353,1.6601,83.01,0.0,153
P30356,1.6601,83.01,0.0,153
C6CU08,1.6601,83.01,0.0,153
Q89AA6,1.66,83.0,0.0,100
C0QR89,1.66,83.0,0.0,100
A6Q1Q4,1.66,83.0,0.0,100
O28520,1.66,83.0,0.0,100
A0LDR7,1.66,83.0,0.0,100
Q37627,1.66,83.0,0.0,100
Q04614,1.66,83.0,0.0,100
Q2JVV4,1.66,83.0,0.0,100
B2VKI2,1.6599,82.99,0.0,394
Q45632,1.6599,82.99,0.0,394
B8D7H3,1.6599,83.0,0.0,247
Q57985,1.6599,82.99,0.0,147
A2RST1,1.6599,82.99,0.0,147
B2VK30,1.6599,82.99,0.0,394
B8D860,1.6598,82.99,0.0,388
Q7P006,1.6598,82.99,0.0,341
A0QYL8,1.6597,82.98,0.0,429
F4K1B4,1.6597,82.99,0.0,335
A4WBH9,1.6596,82.98,0.0,188
Q9RR45,1.6596,82.98,0.0,282
A7IMS5,1.6596,82.98,0.0,188
P46921,1.6596,82.98,0.0,282
Q6FAW0,1.6596,82.98,0.0,141
B1WQP0,1.6596,82.98,0.0,188
A1L2F6,1.6596,82.98,0.0,188
B8MYS8,1.6596,82.98,0.0,423
P0AEP2,1.6595,82.97,0.0,464
Q5HRH0,1.6595,82.97,0.0,464
Q1C8L0,1.6593,82.97,0.0,182
A7I3T2,1.6593,82.97,0.0,182
A1JLU9,1.6593,82.97,0.0,182
Q8ZQZ4,1.6593,82.97,0.0,317
Q2NTS8,1.6593,82.97,0.0,182
Q1QB33,1.6593,82.97,0.0,182
Q6D364,1.6593,82.97,0.0,182
Q9KWM8,1.6592,82.96,0.0,311
P0DTU8,1.6591,82.95,0.0,264
D7PGV9,1.6591,82.95,0.0,264
Q9Z2L4,1.6591,82.95,0.0,264
P45946,1.659,82.95,0.0,346
Q9CK96,1.659,82.95,0.0,217
Q8MJU6,1.6589,82.94,0.0,299
P59539,1.6589,83.95,1.0,299
Q646G7,1.6589,82.94,0.0,299
B8IZV2,1.6589,82.95,0.0,129
Q30TB5,1.6589,82.95,0.0,129
Q9NYW7,1.6589,82.94,0.0,299
C4ZQP2,1.6588,82.94,0.0,211
A3PEU1,1.6588,82.94,0.0,170
A2BT27,1.6588,82.94,0.0,170
B1LQN7,1.6588,82.94,0.0,211
B7NBW3,1.6588,82.94,0.0,211
A7ZN93,1.6588,82.94,0.0,211
A8G6V3,1.6588,82.94,0.0,170
Q318T9,1.6588,82.94,0.0,170
B8D955,1.6588,82.94,0.0,211
O34474,1.6587,82.94,0.0,463
C0SPB2,1.6586,82.93,0.0,457
Q5HLZ2,1.6585,82.93,0.0,287
A0A7L9EZ67,1.6585,82.93,0.0,123
Q755G4,1.6585,82.93,0.0,164
Q1QE84,1.6585,82.93,0.0,123
Q4FV70,1.6585,82.93,0.0,123
P39386,1.6585,82.93,0.0,410
Q6FJV4,1.6585,82.93,0.0,205
Q4L523,1.6583,82.91,0.0,398
Q61334,1.6583,82.92,0.0,240
B7LUK7,1.6582,82.91,0.0,158
B7MIY1,1.6582,82.91,0.0,158
B7UPF0,1.6582,82.91,0.0,158
P51245,1.6582,82.91,0.0,158
Q749C5,1.6581,82.9,0.0,310
H0YM25,1.6581,82.9,0.0,854
Q9XZH6,1.6581,82.91,0.0,117
Q041R2,1.6581,82.91,0.0,117
Q9SAB0,1.6581,82.9,0.0,503
Q0ULB7,1.6581,82.91,0.0,117
Q4QNR3,1.658,82.9,0.0,269
B2FM90,1.658,82.9,0.0,269
B4SPV6,1.658,82.9,0.0,269
A5UAL3,1.658,82.9,0.0,269
Q03F77,1.6579,82.89,0.0,152
P37555,1.6579,82.89,0.0,532
P48376,1.6578,82.89,0.0,187
B8F486,1.6578,82.89,0.0,187
B7K3S3,1.6578,82.89,0.0,187
Q95JI9,1.6578,82.89,0.0,374
Q7MQL4,1.6577,82.88,0.0,333
P0AFT3,1.6577,82.88,0.0,222
Q4UXC5,1.6577,82.88,0.0,111
B0RQ88,1.6577,82.88,0.0,111
A1TR25,1.6577,82.88,0.0,111
P30964,1.6577,82.88,0.0,222
O32859,1.6577,82.89,0.0,409
O66760,1.6576,82.88,0.0,257
Q8K9L3,1.6576,82.88,0.0,514
P59365,1.6575,82.87,0.0,181
Q0AJY9,1.6575,82.87,0.0,181
A0RRL1,1.6575,82.87,0.0,181
Q7M424,1.6575,82.88,0.0,146
Q6MS90,1.6575,82.87,0.0,181
A8H328,1.6575,82.87,0.0,181
B0TKX6,1.6575,82.87,0.0,181
A8AGR7,1.6574,82.87,0.0,397
O34671,1.6574,82.87,0.0,216
P60363,1.6572,82.86,0.0,706
P0CW80,1.6571,82.86,0.0,105
P0CW81,1.6571,82.86,0.0,105
B2VFM6,1.6571,82.86,0.0,105
Q49Z54,1.6571,82.86,0.0,175
Q57306,1.6571,82.86,0.0,245
A4SHW1,1.6571,82.86,0.0,105
Q1WUD0,1.6571,82.86,0.0,175
P14363,1.6571,82.86,0.0,105
Q8EM79,1.6571,82.86,0.0,175
A1JN04,1.657,82.85,0.0,414
P42648,1.6569,82.85,0.0,239
E9PVB3,1.6569,82.85,0.0,822
Q10XM6,1.6569,83.33,0.49,408
Q9ZCQ1,1.6569,82.84,0.0,408
O66845,1.6569,82.84,0.0,204
Q8Z727,1.6568,82.84,0.0,303
Q93RR6,1.6568,82.84,0.0,303
Q7UCG7,1.6566,82.83,0.0,396
B2U167,1.6566,82.83,0.0,396
A8GAC3,1.6566,82.83,0.0,198
B7VKD6,1.6566,82.83,0.0,198
B4TVJ2,1.6566,82.83,0.0,396
P58531,1.6566,82.83,0.0,396
Q57PB5,1.6566,82.83,0.0,396
A1JNZ3,1.6566,82.83,0.0,198
A7ZLY4,1.6566,82.83,0.0,396
A6T525,1.6566,82.83,0.0,198
B5F613,1.6566,82.83,0.0,396
A9MRQ2,1.6566,82.83,0.0,396
P71342,1.6566,82.83,0.0,198
Q4QP20,1.6566,82.83,0.0,198
B4EUT8,1.6566,82.83,0.0,198
Q1CLD9,1.6566,82.83,0.0,198
Q56589,1.6566,82.83,0.0,198
B1LF85,1.6566,82.83,0.0,396
B7N4V3,1.6566,82.83,0.0,396
B7URQ4,1.6566,82.83,0.0,396
Q0THR1,1.6566,82.83,0.0,396
P58529,1.6566,82.83,0.0,396
B5Z1Y4,1.6566,82.83,0.0,396
Q0T4K1,1.6566,82.83,0.0,396
Q9TLW4,1.6564,82.82,0.0,163
Q1GB07,1.6562,82.81,0.0,128
Q1H1Z8,1.6562,82.81,0.0,128
A0RPI7,1.6562,82.81,0.0,128
Q9K846,1.6561,82.8,0.0,157
Q73CW2,1.6561,83.33,0.53,378
A0RAB3,1.6561,83.33,0.53,378
B7HEV2,1.6561,83.6,0.79,378
Q9ZCV6,1.656,82.8,0.0,407
Q45411,1.656,82.8,0.0,436
Q9K9G6,1.656,82.8,0.0,250
Q46FW1,1.6559,82.8,0.0,186
Q8PZ51,1.6559,82.8,0.0,186
Q8RXK1,1.6559,82.79,0.0,494
A7FIE5,1.6559,82.79,0.0,401
Q32ES6,1.6559,82.79,0.0,401
A8GFK7,1.6559,82.79,0.0,401
A6NFT4,1.6558,82.79,0.0,308
Q9JKE7,1.6558,82.79,0.0,308
B4U812,1.6557,82.79,0.0,122
A7FI41,1.6556,82.78,0.0,180
O27435,1.6556,82.78,0.0,302
Q82J80,1.6556,82.78,0.0,180
Q65UL6,1.6556,82.78,0.0,180
B8D0I7,1.6556,82.78,0.0,151
A4J3H9,1.6556,82.78,0.0,151
Q99S97,1.6555,82.77,0.0,447
P94381,1.6555,82.78,0.0,209
A0A2K5QCI5,1.6554,82.77,0.0,267
P40800,1.6552,82.76,0.0,435
A8FBJ4,1.6552,83.29,0.53,377
Q3IUS6,1.6552,82.76,0.0,116
Q896E8,1.6552,82.76,0.0,116
Q9ZC85,1.6552,82.76,0.0,145
O34691,1.655,82.75,0.0,400
P44727,1.655,82.75,0.0,400
P44271,1.6549,82.74,0.0,226
A9M2A7,1.6548,82.74,0.0,197
Q5F6X6,1.6548,82.74,0.0,197
A8GKP6,1.6548,82.74,0.0,394
C5BGP5,1.6548,82.74,0.0,394
A7FNS4,1.6548,82.74,0.0,394
Q9M9L3,1.6548,82.74,0.0,336
Q9K0M7,1.6548,82.74,0.0,197
Q1C2Q4,1.6548,82.74,0.0,394
Q9CKY9,1.6548,82.74,0.0,336
Q9V492,1.6548,82.74,0.0,168
A8MZA4,1.6547,82.73,0.0,724
Q645U6,1.6547,82.74,0.0,307
B8D9V8,1.6546,82.73,0.0,388
A6VUD9,1.6545,82.73,0.0,110
Q68EL3,1.6545,82.73,0.0,110
A1K8W8,1.6545,82.73,0.0,110
Q6LK12,1.6545,82.73,0.0,110
Q3MD92,1.6545,84.18,1.46,411
P54613,1.6545,82.72,0.0,602
A4FL81,1.6545,82.73,0.0,110
Q1GY68,1.6545,82.73,0.0,110
P46319,1.6545,82.73,0.0,110
Q3J6Z7,1.6545,82.73,0.0,110
Q9URZ8,1.6543,82.72,0.0,162
Q9FKQ1,1.6543,82.72,0.0,486
Q65LU9,1.6543,84.57,1.86,376
G5EDB8,1.6542,82.71,0.0,214
F4IHU9,1.6542,82.71,0.0,480
B2I9Z0,1.6541,82.71,0.0,133
P42112,1.6541,82.71,0.0,399
P49781,1.6541,82.71,0.0,133
A7ZB16,1.6541,82.7,0.0,185
Q3BTX1,1.6541,82.71,0.0,133
B0U6S1,1.6541,82.71,0.0,133
Q8PQI6,1.6541,82.7,0.0,318
M3XYN3,1.6541,82.71,0.0,266
D2HC77,1.6541,82.71,0.0,266
P30154,1.6539,82.7,0.0,601
Q8D1E4,1.6538,82.69,0.0,104
A0T0P1,1.6538,82.69,0.0,156
A0T0E8,1.6538,82.69,0.0,156
Q26789,1.6538,82.69,0.0,595
Q6FFF7,1.6538,82.69,0.0,439
Q00823,1.6538,82.69,0.0,156
O31558,1.6538,82.69,0.0,104
F4HPH2,1.6538,82.69,0.0,491
Q4F7G0,1.6537,82.68,0.0,462
A4WB74,1.6536,82.68,0.0,179
A8GF88,1.6536,82.68,0.0,179
F4HQ05,1.6536,82.68,0.0,485
Q6LP88,1.6536,82.68,0.0,179
Q66DF7,1.6535,82.68,0.0,127
C4LAI3,1.6535,82.68,0.0,127
Q8ZDH2,1.6535,82.68,0.0,127
A8GB06,1.6535,82.68,0.0,127
P44139,1.6535,82.68,0.0,127
A6VCE4,1.6535,82.67,0.0,202
Q0C3G9,1.6535,82.68,0.0,127
Q9HVA5,1.6535,82.67,0.0,202
B7V1A3,1.6535,82.67,0.0,202
Q180E3,1.6535,82.68,0.0,456
P37816,1.6535,82.68,0.0,127
Q02FY2,1.6535,82.67,0.0,202
Q5LG62,1.6535,82.68,0.0,127
Q0I2K9,1.6535,82.68,0.0,127
Q6GZV8,1.6534,82.67,0.0,502
B7IB69,1.6533,82.67,0.0,150
A3M6K4,1.6533,82.67,0.0,150
Q9JKT4,1.6533,82.67,0.0,300
Q6ZMZ3,1.6533,82.67,0.0,975
C6DBS3,1.6533,82.67,0.0,150
B7H133,1.6533,82.67,0.0,150
P40868,1.6533,82.67,0.0,150
Q6D7R0,1.6533,82.67,0.0,150
Q24SP9,1.6532,82.66,0.0,496
Q00986,1.653,82.65,0.0,657
Q5HND1,1.6529,82.64,0.0,121
O57266,1.6529,82.64,0.0,121
Q6ZM28,1.6528,82.64,0.0,144
P0DMA9,1.6528,82.64,0.0,265
O67591,1.6528,82.64,0.0,265
P0DMB0,1.6528,82.64,0.0,265
O18759,1.6528,82.64,0.0,265
P0DTU9,1.6528,82.64,0.0,265
P18648,1.6528,82.64,0.0,265
P0DMA6,1.6528,82.64,0.0,265
P39385,1.6526,82.86,0.23,426
Q89A23,1.6526,82.63,0.0,403
O07886,1.6525,82.63,0.0,259
Q65S74,1.6524,82.62,0.0,397
P50030,1.6522,82.61,0.0,161
P78713,1.6522,82.61,0.0,115
P58955,1.6522,82.61,0.0,391
A0A8F4NWB9,1.6522,82.61,0.0,161
A5UJ57,1.6522,82.61,0.0,184
P44994,1.6522,82.61,0.0,161
A7GW20,1.6522,82.61,0.0,184
Q1XDU2,1.6522,82.61,0.0,161
P72870,1.6522,82.61,0.0,161
C3KAC9,1.6522,82.61,0.0,115
Q645V7,1.6522,82.61,0.0,299
Q9JKU0,1.6522,82.61,0.0,299
P51195,1.6522,82.61,0.0,161
P72504,1.6522,82.61,0.0,161
Q0AZ72,1.6522,82.61,0.0,115
O25797,1.6522,82.61,0.0,391
Q99ZV5,1.6519,82.6,0.0,339
Q5XCC9,1.6519,82.6,0.0,339
Q8W488,1.6518,82.59,0.0,494
F4HPH1,1.6518,82.59,0.0,494
P35158,1.6517,82.58,0.0,178
O58499,1.6517,82.59,0.0,201
O34694,1.6516,82.58,0.0,155
G5BQH5,1.6515,82.58,0.0,264
B4T5G1,1.6515,82.58,0.0,396
P0DTV0,1.6515,82.58,0.0,264
Q9UHQ4,1.6515,82.57,0.0,241
Q5R9U7,1.6515,82.57,0.0,241
B7JWT1,1.6514,82.57,0.0,109
Q8DPG7,1.6514,82.57,0.0,109
P58594,1.6514,82.57,0.0,436
P63030,1.6514,82.57,0.0,109
B2V4E0,1.6514,82.57,0.0,109
B2TJ26,1.6514,82.57,0.0,109
A2BZ16,1.6514,82.57,0.0,109
Q97QC5,1.6514,82.57,0.0,109
Q09068,1.6513,82.56,0.0,195
Q8RCX1,1.6512,82.98,0.42,711
P11395,1.6512,82.56,0.0,172
Q02183,1.6512,82.56,0.0,172
P27289,1.6512,82.56,0.0,172
Q1XDB0,1.6512,82.56,0.0,172
P76111,1.651,82.55,0.0,149
Q65SL4,1.651,82.55,0.0,149
Q9BZD4,1.6509,82.54,0.0,464
Q63FE8,1.6508,83.07,0.53,378
A1U6R3,1.6508,82.54,0.0,126
B2T349,1.6508,82.54,0.0,126
Q140Y6,1.6508,82.54,0.0,126
B7IIB7,1.6508,83.33,0.79,378
Q28928,1.6508,82.54,0.0,126
Q29RM3,1.6508,82.54,0.0,189
A1TSC2,1.6508,82.54,0.0,126
A3M1Q4,1.6508,82.54,0.0,126
A6Q9S3,1.6508,82.54,0.0,126
B7V6V8,1.6508,82.54,0.0,189
Q02P72,1.6508,82.54,0.0,189
Q48FX8,1.6508,82.54,0.0,189
Q9ZK83,1.6508,82.54,0.0,189
A8FG97,1.6508,82.54,0.0,567
B0VLD4,1.6508,82.54,0.0,126
A9WHY7,1.6508,82.54,0.0,126
Q2KXU0,1.6508,82.54,0.0,126
B2I2S5,1.6508,82.54,0.0,126
Q9RXX0,1.6508,82.54,0.0,126
Q1LLY6,1.6508,82.54,0.0,126
B7H0W5,1.6508,82.54,0.0,126
Q1GRB2,1.6508,82.54,0.0,126
Q16AB5,1.6508,82.54,0.0,126
C3LE57,1.6508,83.07,0.53,378
A4QJC7,1.6507,82.53,0.0,229
Q71E53,1.6507,82.53,0.0,229
B1HYT6,1.6506,82.53,0.0,269
Q4QQT4,1.6506,82.53,0.0,601
Q7TNP2,1.6506,82.53,0.0,601
B5XXK2,1.6505,82.52,0.0,412
Q6FLQ1,1.6505,82.52,0.0,103
Q5M840,1.6505,82.52,0.0,103
A4SJ99,1.6503,82.51,0.0,183
Q9ZVH5,1.6502,82.51,0.0,486
O22008,1.65,82.5,0.0,120
Q00607,1.65,82.5,0.0,160
P57021,1.65,82.5,0.0,120
O21942,1.65,82.5,0.0,120
Q3ACP3,1.65,82.5,0.0,320
P94376,1.65,82.5,0.0,400
Q47KG0,1.65,82.5,0.0,120
P42650,1.65,82.5,0.0,240
Q8ZRN0,1.6498,82.49,0.0,217
Q8ZH39,1.6498,82.49,0.0,217
P0A2G4,1.6498,82.49,0.0,434
Q8Z991,1.6498,82.49,0.0,217
O49660,1.6497,82.48,0.0,491
Q5KUI9,1.6497,82.49,0.0,177
A1JSB0,1.6497,82.49,0.0,394
P0AAC5,1.6496,82.48,0.0,234
Q9P6K6,1.6496,82.48,0.0,137
A8FG51,1.6494,82.47,0.0,154
P45914,1.6494,82.47,0.0,154
M1V4Y8,1.6494,82.47,0.0,308
Q322R9,1.6493,82.46,0.0,211
Q0TGM2,1.6493,82.46,0.0,211
Q3Z0L7,1.6493,82.46,0.0,211
Q0T3F9,1.6493,82.46,0.0,211
Q83KM2,1.6493,82.46,0.0,211
Q8FGI6,1.6493,82.46,0.0,211
B7USY2,1.6493,82.46,0.0,211
B7L8Y9,1.6493,82.46,0.0,211
B7NRB0,1.6493,82.46,0.0,211
A9MHY5,1.6492,82.46,0.0,382
A5GND0,1.6491,82.46,0.0,171
Q31RF3,1.6491,82.46,0.0,171
P24445,1.6491,82.46,0.0,114
Q8YAF7,1.6491,82.46,0.0,285
Q92F94,1.6491,82.46,0.0,285
A0KGY3,1.6491,82.46,0.0,114
B9DMY5,1.6491,82.46,0.0,114
A9H4G8,1.6491,82.46,0.0,114
A4SQX2,1.6491,82.46,0.0,114
P21906,1.649,82.45,0.0,473
Q0SZV2,1.6489,82.44,0.0,393
A8AFN4,1.6489,82.45,0.0,188
A8A5H1,1.6489,82.44,0.0,393
Q57561,1.6489,82.44,0.0,262
O66643,1.6489,82.44,0.0,131
B1LHG5,1.6489,82.44,0.0,393
Q32B02,1.6489,82.44,0.0,393
Q5F600,1.6489,82.45,0.0,188
B7LPM5,1.6489,82.45,0.0,188
P59269,1.6489,82.44,0.0,393
A6TAZ2,1.6489,82.45,0.0,188
Q3A2U7,1.6489,82.45,0.0,188
Q3Z2G2,1.6489,82.45,0.0,188
O31934,1.6489,82.44,0.0,131
A8AQR8,1.6489,82.44,0.0,393
A7ZMU3,1.6489,82.45,0.0,188
B7NSA0,1.6489,82.45,0.0,188
B7NMD3,1.6489,82.44,0.0,393
B7USJ7,1.6489,82.45,0.0,188
B4TKG5,1.6489,82.45,0.0,188
P0ADR4,1.6489,82.44,0.0,131
Q18446,1.6489,82.44,0.0,131
Q28GF8,1.6489,82.45,0.0,188
B5F3Q8,1.6489,82.45,0.0,188
P0DMA8,1.6489,82.44,0.0,262
P64516,1.6489,82.44,0.0,131
B7N1E7,1.6489,82.44,0.0,393
Q9JX59,1.6489,82.45,0.0,188
Q8X4S4,1.6489,82.44,0.0,393
B2U3H0,1.6489,82.44,0.0,393
Q9K1E1,1.6489,82.45,0.0,188
A7ZSN9,1.6489,82.44,0.0,393
B5XQ52,1.6489,82.45,0.0,188
Q1RIL0,1.6488,82.44,0.0,410
Q5FWV6,1.6488,82.44,0.0,336
P0CP41,1.6488,82.44,0.0,467
Q83SB6,1.6488,82.44,0.0,410
P30194,1.6486,82.43,0.0,148
Q7MTF7,1.6485,82.42,0.0,330
A0LFC9,1.6484,82.42,0.0,182
Q7N5C8,1.6484,82.42,0.0,182
A4SXH5,1.6484,82.42,0.0,182
C4LC87,1.6484,82.42,0.0,182
Q8TSY0,1.6482,82.41,0.0,199
A4WAE6,1.6482,82.41,0.0,398
Q8VNZ2,1.6482,82.41,0.0,523
P24876,1.6482,82.41,0.0,199
Q9P6S2,1.6481,82.41,0.0,108
Q6GE96,1.6481,82.41,0.0,108
Q6NTJ7,1.6481,82.41,0.0,216
P71005,1.6481,82.4,0.0,233
Q55939,1.6481,82.41,0.0,108
P80585,1.6481,82.41,0.0,108
O75347,1.6481,82.41,0.0,108
Q4L8J9,1.6481,82.41,0.0,108
O64847,1.6481,82.41,0.0,108
A0QXC5,1.6481,82.41,0.0,108
O59764,1.6481,82.41,0.0,108
P67149,1.6481,82.41,0.0,108
Q9A6V7,1.6481,82.41,0.0,108
A1TAK2,1.6481,82.41,0.0,108
A4TB05,1.6481,82.41,0.0,108
O07571,1.6481,82.41,0.0,108
B8EK66,1.6481,82.41,0.0,108
A4SW33,1.648,82.4,0.0,125
Q89AL2,1.648,82.4,0.0,250
O34684,1.648,82.4,0.0,250
P58146,1.648,82.4,0.0,125
C5CTD2,1.648,82.4,0.0,125
D0JUX5,1.6479,82.4,0.0,409
P23380,1.6478,82.39,0.0,159
Q3BYT6,1.6478,82.39,0.0,318
Q9ZKW7,1.6478,82.39,0.0,460
Q5F6A1,1.6477,82.39,0.0,176
P65195,1.6477,82.39,0.0,176
Q5UXM8,1.6477,82.39,0.0,528
Q1GU76,1.6477,82.39,0.0,176
Q4L7Y8,1.6477,82.39,0.0,176
Q8IYT3,1.6476,82.38,0.0,715
O34307,1.6476,82.38,0.0,403
Q15FB1,1.6476,82.38,0.0,227
O94252,1.6475,82.38,0.0,261
O34833,1.6474,82.37,0.0,363
Q57RY1,1.6473,82.37,0.0,414
Q8ZR35,1.6473,82.37,0.0,414
Q5PME0,1.6473,82.37,0.0,414
Q8Z8L4,1.6473,82.37,0.0,414
Q92QP2,1.6471,82.35,0.0,102
B6JN25,1.6471,82.35,0.0,391
A8I413,1.6471,82.35,0.0,102
Q92BE7,1.6471,82.35,0.0,153
Q9ZK31,1.6471,82.35,0.0,391
Q2K9S2,1.6471,82.35,0.0,102
B3PW09,1.6471,82.35,0.0,102
Q5F8D0,1.6471,82.35,0.0,119
Q9JUL1,1.6471,82.35,0.0,119
A9LYY6,1.6471,82.35,0.0,119
Q9JZG6,1.6471,82.35,0.0,119
A1KTV1,1.6471,82.35,0.0,119
Q1QL95,1.6471,82.35,0.0,102
Q98KR6,1.6471,82.35,0.0,102
B5ZYM4,1.6471,82.35,0.0,102
P50940,1.6471,82.35,0.0,102
B6ISX1,1.6471,82.35,0.0,102
A1TLM6,1.6471,82.35,0.0,102
A0AJ17,1.6471,82.35,0.0,153
B2IHV6,1.6471,82.35,0.0,102
P61391,1.6471,82.35,0.0,119
B8DHI0,1.6471,82.35,0.0,153
P30357,1.6471,82.35,0.0,153
P30358,1.6471,82.35,0.0,153
O28797,1.6471,82.35,0.0,153
Q6VU70,1.6471,82.35,0.0,187
Q8PKQ5,1.6471,82.35,0.0,272
P41262,1.6471,82.35,0.0,153
A7HY39,1.6471,82.35,0.0,102
A2SFN6,1.6471,82.35,0.0,102
Q1MIK4,1.6471,82.35,0.0,102
A7MNM2,1.6471,82.35,0.0,187
C6E019,1.6471,82.35,0.0,187
P34351,1.6471,82.35,0.0,102
Q9SEL6,1.6471,82.35,0.0,221
A9CJA4,1.6471,82.35,0.0,102
Q1CS80,1.6471,82.35,0.0,391
Q2KUZ4,1.6471,82.35,0.0,102
Q7WCU9,1.6471,82.35,0.0,102
A9II25,1.6471,82.35,0.0,102
A5EK88,1.6471,82.35,0.0,102
B2S553,1.6471,82.35,0.0,102
A6X1M3,1.6471,82.35,0.0,102
Q11JJ6,1.6471,82.35,0.0,102
Q1GB06,1.6471,82.35,0.0,119
Q6D4K1,1.6471,82.35,0.0,187
B4RCL8,1.6471,82.35,0.0,102
B4T9U3,1.6468,82.34,0.0,470
Q1RKF6,1.6468,82.34,0.0,419
Q8ZNQ0,1.6468,82.34,0.0,470
Q8Z5F5,1.6468,82.34,0.0,470
A9N7L0,1.6468,82.34,0.0,470
B5EXV9,1.6468,82.34,0.0,470
B5FMU8,1.6468,82.34,0.0,470
Q5PDW9,1.6468,82.34,0.0,470
B5XXJ2,1.6468,82.34,0.0,402
B4TNI8,1.6468,82.34,0.0,470
P02648,1.6466,82.33,0.0,266
B2J1M1,1.6466,82.33,0.0,232
A4SE48,1.6466,82.33,0.0,266
P0DMC1,1.6466,82.33,0.0,266
A5F5Y5,1.6465,82.32,0.0,198
Q8DBJ2,1.6465,82.32,0.0,198
Q87MB0,1.6465,82.32,0.0,198
Q9RFV7,1.6465,82.32,0.0,198
A6UZY0,1.6465,82.32,0.0,396
B8F5U9,1.6465,82.32,0.0,198
Q7N7F0,1.6465,82.32,0.0,198
Q75R60,1.6465,82.32,0.0,198
Q5WGV5,1.6465,82.33,0.0,215
Q5PN95,1.6465,82.32,0.0,396
Q0I5Y0,1.6465,82.32,0.0,198
C4LD55,1.6465,82.32,0.0,198
Q6LTY5,1.6465,82.32,0.0,198
Q9CLA7,1.6465,82.32,0.0,198
Q7VNU5,1.6465,82.32,0.0,198
A7TM40,1.6465,82.32,0.0,413
A3MYM6,1.6465,82.32,0.0,198
B0UWF8,1.6465,82.32,0.0,198
A4SQL6,1.6465,82.32,0.0,198
A0KHD0,1.6465,82.32,0.0,198
Q2FI61,1.6465,82.32,0.0,396
P06727,1.6465,82.32,0.0,396
Q99V76,1.6465,82.32,0.0,396
Q92IR4,1.6465,82.33,0.0,215
Q757A7,1.6465,82.32,0.0,413
Q6GI68,1.6465,82.32,0.0,396
B8CLL1,1.6464,82.32,0.0,181
B8EEF1,1.6464,82.32,0.0,181
Q47142,1.6464,82.32,0.0,379
A4Y854,1.6464,82.32,0.0,181
Q0HK90,1.6464,82.32,0.0,181
Q5UYM1,1.6464,82.32,0.0,181
Q0HWJ2,1.6464,82.32,0.0,181
A0KVC0,1.6464,82.32,0.0,181
P52613,1.6463,82.31,0.0,147
P0A1K2,1.6463,82.31,0.0,147
P50732,1.6463,82.31,0.0,147
Q45XH5,1.6463,82.31,0.0,147
B4RYA6,1.6463,82.31,0.0,294
Q3Z6F1,1.6462,82.31,0.0,130
O34724,1.6462,82.31,0.0,390
Q8P171,1.646,82.3,0.0,339
P0DH04,1.646,82.3,0.0,339
P44768,1.646,82.3,0.0,435
Q5F285,1.646,82.3,0.0,113
B4ETM0,1.646,82.3,0.0,113
Q89K83,1.6459,82.44,0.14,706
P44903,1.6458,82.29,0.0,463
A7HIW7,1.6457,82.29,0.0,175
P56296,1.6457,82.29,0.0,175
Q31U02,1.6456,82.28,0.0,158
Q6B8R1,1.6456,82.28,0.0,158
Q31RF4,1.6456,82.28,0.0,158
P0DMM1,1.6456,82.28,0.0,316
P0DML9,1.6456,82.28,0.0,316
Q8FB76,1.6456,82.28,0.0,158
Q6CZ44,1.6456,82.28,0.0,395
A7ZUL0,1.6456,82.28,0.0,158
Q6NB79,1.6456,82.28,0.0,474
A9VGI0,1.6455,83.07,0.79,378
Q646G9,1.6455,82.27,0.0,299
B9IR99,1.6455,83.07,0.79,378
Q813Y0,1.6455,83.07,0.79,378
Q9P7V3,1.6455,82.27,0.0,220
P76269,1.6455,82.28,0.0,457
P59529,1.6455,82.27,0.0,299
Q88UB3,1.6454,82.27,0.0,282
Q65G47,1.6454,82.27,0.0,564
Q32A72,1.6453,82.27,0.0,344
A0A2K5EJU6,1.6453,82.26,0.0,265
B7NU97,1.6453,82.26,0.0,327
P15497,1.6453,82.26,0.0,265
Q8X4Q7,1.6453,82.26,0.0,327
A7FDQ9,1.6453,82.27,0.0,203
A7ZUC3,1.6453,82.26,0.0,327
B7UNN0,1.6453,82.26,0.0,327
Q65Q27,1.6453,82.27,0.0,344
P0DUP8,1.6452,82.26,0.0,310
P12377,1.6452,82.26,0.0,310
Q8XYL2,1.6452,82.26,0.0,186
B0TUP5,1.6452,82.26,0.0,124
A8FV66,1.6452,82.26,0.0,124
Q5PQJ9,1.645,82.25,0.0,817
Q9RVX8,1.645,82.25,0.0,231
P39843,1.645,82.25,0.0,400
P37520,1.645,82.25,0.0,338
Q4IBX0,1.645,82.25,0.0,462
Q5EAL3,1.6449,82.24,0.0,214
Q135C9,1.6449,82.24,0.0,107
Q7NDQ8,1.6449,82.24,0.0,107
Q1LTM2,1.6448,82.24,0.0,411
P31442,1.6447,82.23,0.0,394
Q57974,1.6447,82.24,0.0,152
Q9JVQ2,1.6447,82.23,0.0,197
A4WFG6,1.6447,82.23,0.0,394
A3CMA0,1.6446,82.23,0.0,574
Q94AF9,1.6445,82.23,0.0,467
P57223,1.6444,82.22,0.0,360
Q98QU1,1.6444,82.22,0.0,180
Q6GIU7,1.6443,82.22,0.0,388
Q6GBD5,1.6443,82.22,0.0,388
Q5HHX4,1.6443,82.22,0.0,388
P0A0J4,1.6443,82.22,0.0,388
P28559,1.6442,82.21,0.0,163
B5XQW2,1.6441,82.21,0.0,399
A6T8Y8,1.6441,82.21,0.0,399
O34502,1.6441,82.21,0.0,444
P08443,1.6441,82.2,0.0,118
O07590,1.6441,82.2,0.0,118
Q65LX4,1.6441,82.2,0.0,118
P61387,1.6441,82.2,0.0,118
A9N7X0,1.644,82.2,0.0,382
Q9FYE5,1.644,82.2,0.0,309
Q5PGH4,1.644,82.2,0.0,382
B4T132,1.644,82.2,0.0,382
B5QYP8,1.644,82.2,0.0,382
B5F150,1.644,82.2,0.0,382
Q9UUM7,1.6439,82.2,0.0,264
Q00623,1.6439,82.2,0.0,264
P0AEZ0,1.6439,82.2,0.0,410
P0DTV1,1.6439,82.2,0.0,264
Q323U7,1.6439,82.2,0.0,410
P0DTU7,1.6439,82.2,0.0,264
Q19509,1.6438,82.19,0.0,320
P76350,1.6438,82.19,0.0,438
P67155,1.6438,82.19,0.0,219
P0C0U8,1.6438,82.19,0.0,146
Q5EB14,1.6438,82.19,0.0,219
Q2KJG4,1.6438,82.19,0.0,146
P18984,1.6438,82.19,0.0,146
B1X3Y4,1.6437,82.18,0.0,174
P57364,1.6437,82.19,0.0,247
A8LKH8,1.6437,82.18,0.0,174
C1DCB3,1.6436,82.18,0.0,101
B8GNZ5,1.6436,82.18,0.0,101
Q645V1,1.6436,82.18,0.0,303
B1XWB1,1.6436,82.18,0.0,101
Q8NL19,1.6436,82.18,0.0,101
Q7NZH1,1.6436,82.18,0.0,101
B6J6A5,1.6436,82.18,0.0,101
Q0A785,1.6436,82.18,0.0,101
P72673,1.6436,82.18,0.0,101
Q602A0,1.6436,82.18,0.0,101
A1AVS2,1.6436,82.18,0.0,101
C6XAJ7,1.6436,82.18,0.0,101
Q1RHK8,1.6436,82.18,0.0,404
B8A833,1.6435,82.17,0.0,230
Q9K802,1.6435,82.17,0.0,561
O05467,1.6435,82.18,0.0,533
P0CAV9,1.6435,82.17,0.0,230
Q5R0A9,1.6434,82.17,0.0,129
P12983,1.6434,82.17,0.0,129
A0RQA9,1.6434,82.17,0.0,258
Q5FKD2,1.6434,82.17,0.0,129
A0AUT1,1.6433,82.16,0.0,499
Q6NTM6,1.6433,82.17,0.0,314
Q9TM29,1.6433,82.17,0.0,157
A7I5W4,1.6432,82.16,0.0,185
A1R7V6,1.6432,82.16,0.0,185
B2KED0,1.6432,82.16,0.0,185
O05249,1.6432,82.16,0.0,185
A9WNC4,1.6432,82.16,0.0,185
P02134,1.6429,82.14,0.0,140
Q68VW8,1.6429,82.14,0.0,420
B9DU47,1.6429,82.14,0.0,112
Q914I3,1.6429,82.14,0.0,140
Q8G3C1,1.6429,82.14,0.0,336
Q82E60,1.6429,82.14,0.0,112
F4JKB9,1.6429,82.14,0.0,504
A1L2R7,1.6429,82.14,0.0,336
O31674,1.6427,82.13,0.0,347
P51393,1.6426,82.13,0.0,263
Q1XD94,1.6426,82.13,0.0,263
Q9LS19,1.6426,82.13,0.0,498
Q8NQK0,1.6426,82.13,0.0,263
F1R4Y7,1.6425,82.12,0.0,716
P77031,1.6424,82.12,0.0,425
Q6F9V4,1.6424,82.12,0.0,151
Q2RM80,1.6424,82.12,0.0,151
P37675,1.6424,82.12,0.0,425
Q3AAB2,1.6423,82.11,0.0,123
C5A7G3,1.6423,82.11,0.0,123
Q8U1H3,1.6423,82.11,0.0,123
O59171,1.6423,82.11,0.0,123
O34546,1.6423,82.12,0.0,397
A5WCC8,1.6423,82.11,0.0,123
B7LNJ1,1.6423,82.12,0.0,397
Q9SCW7,1.6422,82.11,0.0,464
Q4ZVP9,1.6421,82.11,0.0,190
Q87YP0,1.6421,82.11,0.0,190
B2VCK3,1.6421,82.11,0.0,190
Q9ZS51,1.6421,82.11,0.0,190
Q9FHB6,1.642,82.1,0.0,486
A0A2I1C3V3,1.642,82.1,0.0,162
P0DSQ7,1.642,82.1,0.0,162
Q72Q29,1.642,82.95,0.85,704
P08550,1.642,82.1,0.0,162
Q2KIB3,1.642,82.1,0.0,257
B5Z8H9,1.6419,82.1,0.0,391
P49160,1.6419,82.1,0.0,229
Q8K999,1.6419,82.1,0.0,391
Q9M3L4,1.6419,82.1,0.0,229
P58155,1.6419,82.1,0.0,229
P77400,1.6419,82.09,0.0,430
O34929,1.6419,82.1,0.0,391
C5B828,1.6418,82.09,0.0,402
O31830,1.6418,82.09,0.0,134
P94546,1.6418,82.09,0.0,134
A4W978,1.6418,82.09,0.0,402
Q2TXA2,1.6416,82.08,0.0,173
A0A1E3B0S4,1.6415,82.07,0.0,463
A7IF35,1.6415,82.08,0.0,106
Q5NYX9,1.6415,82.07,0.0,463
Q2YWW7,1.6414,82.07,0.0,396
B7V6N7,1.6414,82.07,0.0,396
P81328,1.6414,82.07,0.0,145
Q9HWR7,1.6414,82.07,0.0,396
O25897,1.6414,82.07,0.0,145
Q0T129,1.6414,82.07,0.0,396
Q83QB9,1.6414,82.07,0.0,396
P57179,1.6414,82.07,0.0,145
Q02SS7,1.6414,82.07,0.0,396
Q6KI77,1.6413,82.07,0.0,184
Q9I3N6,1.6413,82.06,0.0,223
Q21C99,1.6413,82.07,0.0,184
Q8YLP3,1.6411,83.49,1.44,418
A7S8T5,1.641,82.05,0.0,312
Q4L7C4,1.641,82.05,0.0,117
B1YKA9,1.641,82.05,0.0,156
Q940N9,1.641,82.05,0.0,507
P27196,1.641,82.05,0.0,117
O29607,1.641,82.05,0.0,117
Q5L248,1.641,82.05,0.0,117
Q74I89,1.641,82.05,0.0,117
Q6MLJ0,1.6409,82.05,0.0,440
B0JPN3,1.6408,83.25,1.21,412
Q8X800,1.6406,82.03,0.0,217
P31547,1.6406,82.03,0.0,217
Q7WHD3,1.6406,82.03,0.0,128
Q7VYU0,1.6406,82.03,0.0,128
A4JC72,1.6406,82.03,0.0,128
Q9CKI7,1.6406,82.03,0.0,128
B4S3Q4,1.6406,82.03,0.0,128
Q7MRQ2,1.6406,82.03,0.0,128
P39591,1.6406,82.03,0.0,128
A7ZA61,1.6406,82.03,0.0,128
Q2Y8Q6,1.6406,82.03,0.0,128
P06728,1.6405,82.03,0.0,395
Q9S3J9,1.6405,82.03,0.0,395
P55190,1.6405,82.03,0.0,306
P65208,1.6404,82.02,0.0,317
Q8Z8H3,1.6404,82.02,0.0,317
A7A1U4,1.6403,82.01,0.0,417
Q06410,1.6403,82.01,0.0,417
B2T9B0,1.6402,82.01,0.0,189
A7FJB3,1.6402,82.01,0.0,189
B8I1G8,1.6402,82.01,0.0,189
A1JM85,1.6402,82.01,0.0,189
A8GFM8,1.6402,82.01,0.0,189
B7KGD8,1.6402,82.01,0.0,189
Q6HMW0,1.6402,82.8,0.79,378
O25755,1.6402,82.01,0.0,189
Q5LUA9,1.6402,82.01,0.0,428
B7HXM3,1.6402,82.8,0.79,378
A6QCF2,1.64,82.0,0.0,100
Q1DDD0,1.64,82.0,0.0,100
P26851,1.64,82.0,0.0,100
B1KJV7,1.64,82.0,0.0,100
B5YKI9,1.64,82.0,0.0,100
C7C0H5,1.64,82.0,0.0,100
Q37598,1.64,82.0,0.0,100
C4K6N1,1.64,82.0,0.0,100
Q7VFT2,1.64,82.0,0.0,100
Q17Z62,1.64,82.0,0.0,100
B6JNB0,1.64,82.0,0.0,100
B8G6Z6,1.64,82.0,0.0,100
A9WFC1,1.64,82.0,0.0,100
B9LZM7,1.64,82.0,0.0,100
Q1LT98,1.64,82.0,0.0,100
A5G9A9,1.64,82.0,0.0,100
A7HIH8,1.64,82.0,0.0,100
Q8KDT8,1.64,82.0,0.0,750
Q39QB7,1.64,82.0,0.0,100
B8D8W4,1.64,82.0,0.0,100
C1DT39,1.64,82.0,0.0,100
O25860,1.64,82.0,0.0,100
Q74G98,1.64,82.0,0.0,100
B5Z8R5,1.64,82.0,0.0,100
B2UV34,1.64,82.0,0.0,100
B0V7A3,1.64,82.0,0.0,150
A6TDS8,1.6398,81.99,0.0,211
P08801,1.6398,81.99,0.0,161
P80556,1.6398,81.99,0.0,161
Q112Z3,1.6398,81.99,0.0,161
Q4WQY6,1.6398,81.99,0.0,161
Q01951,1.6398,81.99,0.0,161
P00316,1.6398,81.99,0.0,161
Q02923,1.6398,81.99,0.0,161
B5XUC1,1.6398,81.99,0.0,211
P20291,1.6398,81.99,0.0,161
B1XHZ1,1.6398,81.99,0.0,161
Q8P8Z6,1.6397,81.99,0.0,272
Q5RBX2,1.6396,81.98,0.0,111
A1W606,1.6396,81.98,0.0,111
Q9NYM9,1.6396,81.98,0.0,111
A1B340,1.6396,81.98,0.0,111
Q3MHP8,1.6396,81.98,0.0,111
Q2SGY2,1.6396,81.98,0.0,111
A6WCN9,1.6396,81.98,0.0,111
A0A974E306,1.6395,81.98,0.0,516
Q8RKH1,1.6395,81.97,0.0,233
A2C6X3,1.6395,81.98,0.0,172
Q0ZHI6,1.6395,81.98,0.0,172
P51377,1.6395,81.98,0.0,172
Q7V5S5,1.6395,81.98,0.0,172
A8AJL6,1.6394,81.97,0.0,416
Q9HTI1,1.6394,81.97,0.0,355
P61395,1.6393,81.97,0.0,122
P44056,1.6393,81.97,0.0,244
Q9HU16,1.6393,81.97,0.0,427
O67658,1.6393,81.96,0.0,499
A6UPS4,1.6393,81.97,0.0,122
P44629,1.6392,81.96,0.0,388
Q8E8F7,1.6392,81.96,0.0,316
P0DML8,1.6392,81.96,0.0,316
Q578U0,1.6391,81.95,0.0,133
Q3B4G1,1.6391,81.95,0.0,266
A4WCC3,1.6391,81.95,0.0,471
Q9JXM0,1.6391,81.95,0.0,338
Q8FVM0,1.6391,81.95,0.0,133
A0A2K6TRM6,1.6391,81.95,0.0,266
Q4UK37,1.639,81.95,0.0,421
P0DUT9,1.6389,81.94,0.0,144
Q7T3B2,1.6389,81.94,0.0,144
P0AEX3,1.6389,81.94,0.0,432
B5R8I5,1.6387,81.94,0.0,382
B8NLM9,1.6387,81.93,0.0,238
Q87R62,1.6387,81.94,0.0,310
B5R7P0,1.6387,81.93,0.0,393
B5FQ40,1.6387,81.94,0.0,382
P0DUI8,1.6387,81.94,0.0,310
Q8Z810,1.6387,81.94,0.0,382
P33026,1.6387,81.93,0.0,393
P37498,1.6386,81.93,0.0,404
P30000,1.6386,81.93,0.0,415
Q24Y92,1.6383,81.91,0.0,188
A1KRP4,1.6383,81.91,0.0,188
Q0T515,1.6383,81.91,0.0,188
B5E9H5,1.6383,81.91,0.0,188
P71356,1.6382,81.91,0.0,304
O28838,1.6382,81.91,0.0,199
Q9ZC45,1.6382,81.91,0.0,199
Q6D434,1.6381,81.9,0.0,105
Q65JB1,1.6381,81.9,0.0,105
A1JTU7,1.6381,81.9,0.0,105
A8GGR6,1.6381,81.9,0.0,105
Q8XGT8,1.6381,81.9,0.0,105
A7FJF8,1.6381,81.9,0.0,105
C6DF99,1.6381,81.9,0.0,105
Q68WD6,1.6381,81.91,0.0,409
Q1LY80,1.638,81.9,0.0,337
Q97I99,1.6379,81.9,0.0,116
Q84JC2,1.6379,81.9,0.0,232
Q46F67,1.6379,81.9,0.0,116
Q17VL4,1.6378,81.89,0.0,127
B4RZU1,1.6378,81.89,0.0,127
A7MNQ2,1.6378,81.89,0.0,127
A4W811,1.6378,81.89,0.0,127
Q65QC7,1.6378,81.89,0.0,127
Q9K8M0,1.6378,81.89,0.0,127
B7LLI6,1.6378,81.89,0.0,127
B5EZ69,1.6378,81.89,0.0,127
Q6LVY3,1.6378,81.89,0.0,127
P31675,1.6378,81.89,0.0,392
B5XZS9,1.6378,81.89,0.0,127
Q2SYE1,1.6377,81.88,0.0,276
Q54BF6,1.6376,81.88,0.0,298
Q6GEH7,1.6376,81.88,0.0,287
Q5HDV2,1.6376,81.88,0.0,287
Q29003,1.6376,81.88,0.0,149
A9BCE1,1.6374,81.87,0.0,171
B1KK11,1.6374,81.87,0.0,182
I3R9Z3,1.6374,81.87,0.0,182
B1J2E0,1.6373,81.86,0.0,204
B7MLI1,1.6373,81.86,0.0,397
B7NVY1,1.6373,81.86,0.0,397
Q0TDZ7,1.6373,81.86,0.0,397
Q9ZDQ7,1.6372,81.86,0.0,215
Q65250,1.6372,81.86,0.0,226
P42399,1.6372,81.86,0.0,226
Q8EQA1,1.6372,81.86,0.0,215
O74990,1.6369,81.84,0.0,738
Q98IV9,1.6369,81.85,0.0,325
P0CE44,1.6368,81.84,0.0,457
P0CE45,1.6368,81.84,0.0,457
P94131,1.6368,81.84,0.0,413
O31762,1.6368,81.84,0.0,402
P33895,1.6364,81.82,0.0,451
Q2J997,1.6364,81.82,0.0,110
Q22RH5,1.6364,81.82,0.0,187
Q05365,1.6364,81.82,0.0,176
A9KK96,1.6364,81.82,0.0,187
Q8YAF3,1.6364,81.82,0.0,286
Q816V0,1.6364,81.82,0.0,286
O06433,1.6364,81.82,0.0,220
B7IUK5,1.6364,81.82,0.0,110
O87406,1.6364,81.82,0.0,209
O89285,1.6364,81.82,0.0,121
B4U8I7,1.6364,81.82,0.0,110
O34597,1.6364,81.82,0.0,396
P40684,1.6364,81.82,0.0,132
A4ZU88,1.6364,81.82,0.0,110
B6JBL9,1.6364,81.82,0.0,110
Q8DRZ4,1.6364,81.82,0.0,341
B9MIW0,1.6364,81.82,0.0,110
Q5E6X2,1.6364,81.82,0.0,198
Q27182,1.6364,81.82,0.0,363
A9HVV4,1.6364,81.82,0.0,110
B6EIC7,1.6364,81.82,0.0,198
Q2FXE6,1.6364,81.82,0.0,121
A9VT84,1.6364,81.82,0.0,110
Q2YC62,1.6364,81.82,0.0,110
Q945M8,1.6364,81.82,0.0,154
Q7USI7,1.6364,81.82,0.0,143
A6VLY0,1.6364,81.82,0.0,198
Q2YTK5,1.6364,81.82,0.0,121
A5V3C5,1.6364,81.82,0.0,110
P64099,1.6364,81.82,0.0,220
Q92F91,1.6364,81.82,0.0,286
A1W7N8,1.6364,81.82,0.0,110
Q77ZM4,1.6364,81.82,0.0,121
A3DRP5,1.6364,81.82,0.0,121
Q6GFL0,1.6364,82.35,0.53,374
Q31HL0,1.6364,81.82,0.0,132
Q6D108,1.6364,81.82,0.0,407
P95375,1.6364,81.82,0.0,220
A0C767,1.6364,81.82,0.0,363
P45869,1.6364,81.82,0.0,319
A0RHL9,1.6364,81.82,0.0,110
Q65VU8,1.6364,81.82,0.0,198
E3GC98,1.6364,81.82,0.0,418
Q1PDX9,1.636,81.8,0.0,489
P44483,1.6359,81.8,0.0,401
O07569,1.6359,81.8,0.0,401
Q9GLC0,1.6358,81.79,0.0,313
Q5EAX9,1.6358,81.79,0.0,335
Q57556,1.6358,82.12,0.33,302
Q0V882,1.6356,81.78,0.0,236
Q1I4R8,1.6355,81.77,0.0,203
O83486,1.6355,81.78,0.0,214
O31539,1.6355,81.78,0.0,214
Q49642,1.6355,81.78,0.0,214
A5W949,1.6355,81.77,0.0,203
Q5ZVZ5,1.6354,81.77,0.0,181
Q12P74,1.6354,81.77,0.0,181
B6EJA1,1.6354,81.77,0.0,181
B5FDB4,1.6354,81.77,0.0,181
Q5E626,1.6354,81.77,0.0,181
Q5X5R4,1.6354,81.77,0.0,181
P31126,1.6354,81.77,0.0,395
H6LC28,1.6354,81.77,0.0,192
A5IBE5,1.6354,81.77,0.0,181
Q646B2,1.6352,81.76,0.0,307
Q646C7,1.6352,81.76,0.0,307
Q02852,1.6352,81.76,0.0,159
P61402,1.6351,81.75,0.0,285
Q81KM7,1.6351,81.75,0.0,285
P11682,1.6351,81.76,0.0,433
Q92EL4,1.6351,81.75,0.0,285
Q8Y9U6,1.6351,81.75,0.0,285
P33449,1.635,81.75,0.0,389
P0DMS5,1.635,81.75,0.0,263
B2IUM6,1.635,83.21,1.46,411
Q5WDX6,1.6349,81.75,0.0,126
B2TPF2,1.6349,81.75,0.0,252
O67513,1.6349,81.75,0.0,378
Q92EE1,1.6348,81.74,0.0,471
Q8Y9K8,1.6348,81.74,0.0,471
A7MHI9,1.6348,81.74,0.0,471
Q8FG02,1.6348,81.74,0.0,471
Q33845,1.6348,81.74,0.0,115
E1VBK3,1.6347,81.73,0.0,427
O26478,1.6347,81.74,0.0,334
B7UKN4,1.6346,81.73,0.0,416
B7MF03,1.6346,81.73,0.0,416
Q0TK80,1.6346,81.73,0.0,416
A7N3Z2,1.6346,81.73,0.0,104
B7VQW7,1.6346,81.73,0.0,104
Q8FK20,1.6346,81.73,0.0,416
Q2KJD2,1.6346,81.73,0.0,104
P18817,1.6346,81.73,0.0,416
Q87GT9,1.6346,81.73,0.0,104
P31436,1.6345,81.73,0.0,394
Q8X4V6,1.6345,81.73,0.0,394
P76628,1.6345,81.73,0.0,394
P0DX01,1.6344,81.72,0.0,826
A7FG15,1.6344,81.72,0.0,465
Q668C4,1.6344,81.72,0.0,465
P23862,1.6343,81.71,0.0,175
B1XHZ0,1.6343,81.71,0.0,175
Q57875,1.6343,81.71,0.0,175
Q9TM28,1.6343,81.71,0.0,175
Q8FTK0,1.6343,81.72,0.0,268
Q70UQ0,1.6343,81.71,0.0,350
Q3TA38,1.6342,81.71,0.0,339
A0PK00,1.6342,81.71,0.0,339
W0T3R8,1.6342,81.71,0.0,421
Q9ZCG7,1.6342,81.71,0.0,421
A6QPF8,1.6342,81.71,0.0,339
Q88K63,1.6341,81.7,0.0,399
Q08086,1.6341,81.71,0.0,164
B0KLJ7,1.6341,81.7,0.0,399
Q039H8,1.634,81.7,0.0,153
B3WE66,1.634,81.7,0.0,153
Q8Y6W3,1.634,81.7,0.0,153
P0AEI0,1.634,81.7,0.0,153
Q9PLN6,1.6339,81.7,0.0,224
Q9Z7M3,1.6339,81.7,0.0,224
P72686,1.6339,81.7,0.0,224
P54953,1.6339,81.7,0.0,224
P9WJW8,1.6339,81.69,0.0,508
P46492,1.6338,81.69,0.0,213
Q9X016,1.6338,81.69,0.0,213
A0A0H3MD02,1.6337,81.68,0.0,273
B8EJZ7,1.6336,81.68,0.0,131
Q8TJ54,1.6336,81.68,0.0,131
Q98914,1.6336,81.68,0.0,131
B4TKP8,1.6336,81.68,0.0,393
B5FJP6,1.6336,81.68,0.0,393
A9MMF2,1.6336,81.68,0.0,393
P33027,1.6336,81.68,0.0,393
Q0STX5,1.6335,81.67,0.0,251
Q38646,1.6333,81.67,0.0,120
Q2FLB7,1.6333,81.67,0.0,120
A4IRU1,1.6332,81.66,0.0,567
C5D695,1.6332,81.66,0.0,567
A8GII5,1.6332,81.66,0.0,398
A2VE53,1.6332,81.66,0.0,349
A9LYB2,1.6332,81.66,0.0,229
Q2QD77,1.6332,81.66,0.0,229
Q7N7A8,1.6332,81.66,0.0,398
A4QJL1,1.6332,81.66,0.0,229
Q9JWA8,1.6331,81.66,0.0,338
Q6ZUS5,1.6331,81.65,0.0,278
O31553,1.633,81.65,0.0,109
Q0S254,1.633,81.65,0.0,109
B5ZAW9,1.633,81.65,0.0,109
B6IWH9,1.633,81.65,0.0,109
Q02QA7,1.633,81.65,0.0,109
P42259,1.633,81.65,0.0,534
A6V2E4,1.633,81.65,0.0,109
Q3ZCG2,1.633,81.65,0.0,109
Q9Y5U8,1.633,81.65,0.0,109
P44993,1.6329,81.65,0.0,425
Q32AG8,1.6329,81.65,0.0,158
P0DPR7,1.6328,81.64,0.0,512
Q3IDA4,1.6328,81.64,0.0,256
Q99735,1.6327,81.63,0.0,147
P9WL14,1.6327,81.63,0.0,245
Q8Z3B1,1.6327,81.63,0.0,294
Q9L6P1,1.6327,81.63,0.0,294
P0AA77,1.6326,81.63,0.0,430
Q9ZDS0,1.6325,81.63,0.0,381
Q81IX5,1.6325,81.63,0.0,283
Q09MG6,1.6325,81.62,0.0,234
Q81VJ7,1.6325,81.63,0.0,283
P9WJX4,1.6325,81.62,0.0,419
O68460,1.6325,82.76,1.14,702
Q03AR6,1.6324,81.62,0.0,272
A5UDP8,1.6324,81.62,0.0,185
P43810,1.6324,81.62,0.0,185
A5UHX7,1.6324,81.62,0.0,185
Q4QM74,1.6324,81.62,0.0,185
Q6GNX5,1.6324,81.62,0.0,136
Q6C0L6,1.6324,81.62,0.0,408
B2RZ86,1.6324,81.62,0.0,370
A8A3W9,1.6322,81.61,0.0,397
Q32C86,1.6322,81.61,0.0,397
Q31XF2,1.6322,81.61,0.0,397
A0A0H3JTK0,1.6322,81.61,0.0,397
Q3YY22,1.6322,81.61,0.0,397
B7N767,1.6322,81.61,0.0,397
A7ZQU1,1.6322,81.61,0.0,397
Q8X4N7,1.6322,81.61,0.0,397
B7LF12,1.6322,81.61,0.0,397
B7UHQ3,1.6322,81.61,0.0,397
P42312,1.6322,81.61,0.0,397
B6I6W0,1.6322,81.61,0.0,397
B1LR33,1.6322,81.61,0.0,397
P75826,1.6321,81.61,0.0,299
P0DUZ9,1.6321,81.61,0.0,299
Q645Z1,1.6321,81.61,0.0,299
P0DV00,1.6321,81.61,0.0,299
Q38956,1.632,81.6,0.0,500
A6LJF8,1.632,81.6,0.0,125
Q0VFD8,1.632,81.6,0.0,125
Q7SDU5,1.632,81.6,0.0,125
A4STL2,1.632,81.6,0.0,125
O23564,1.6319,81.59,0.0,527
Q8X5Z7,1.6317,81.58,0.0,543
P0AF43,1.6317,81.58,0.0,543
O43826,1.6317,81.59,0.0,429
A9KRD5,1.6316,81.58,0.0,190
Q12981,1.6316,81.58,0.0,228
Q0S2P8,1.6316,81.58,0.0,114
Q8RQL5,1.6316,81.58,0.0,228
P09809,1.6316,81.58,0.0,266
P72202,1.6316,81.58,0.0,152
Q4KC79,1.6316,81.58,0.0,114
C6DG20,1.6316,81.58,0.0,190
C4Z927,1.6316,81.58,0.0,114
A6VMU2,1.6316,81.58,0.0,114
Q4KDD4,1.6316,81.58,0.0,190
C6DE42,1.6314,81.57,0.0,407
Q31EL5,1.6314,81.57,0.0,255
O89116,1.6313,81.57,0.0,217
P02981,1.6313,81.57,0.0,396
Q4FPE7,1.6313,81.56,0.0,179
P29939,1.6312,81.56,0.0,141
P63024,1.6311,81.55,0.0,103
Q56347,1.6311,81.55,0.0,206
Q9CN97,1.6311,81.55,0.0,206
Q6N5N4,1.6311,81.55,0.0,103
C6BJN9,1.6311,81.55,0.0,103
Q8U230,1.6311,81.55,0.0,412
Q0P3K6,1.631,81.55,0.0,168
Q7TQB0,1.6309,81.54,0.0,298
P72109,1.6308,81.54,0.0,130
Q9HQ63,1.6308,81.54,0.0,130
P43500,1.6307,81.53,0.0,417
Q9C9M8,1.6307,81.54,0.0,482
D7A5Q8,1.6307,81.53,0.0,287
Q8X7I3,1.6306,81.53,0.0,471
P0AA51,1.6306,81.53,0.0,314
B7L9V0,1.6306,81.53,0.0,471
B6HYS2,1.6306,81.53,0.0,471
B7ME89,1.6306,81.53,0.0,471
B7NQA9,1.6306,81.53,0.0,471
Q0TG13,1.6306,81.53,0.0,471
C4ZSG5,1.6306,81.53,0.0,471
Q83QZ0,1.6306,81.53,0.0,471
B1LNW4,1.6306,81.53,0.0,471
B7UTB5,1.6306,81.53,0.0,471
B7M460,1.6306,81.53,0.0,471
B7LV41,1.6306,81.53,0.0,471
Q3Z0C7,1.6306,81.53,0.0,471
Q0T353,1.6306,81.53,0.0,471
Q323D8,1.6306,81.53,0.0,471
O29973,1.6304,81.52,0.0,276
C5A1J7,1.6304,81.52,0.0,276
Q66H60,1.6304,81.52,0.0,974
Q3IUS7,1.6303,81.51,0.0,119
Q9PLA1,1.6303,81.51,0.0,238
P37559,1.6303,81.52,0.0,211
Q5V069,1.6303,81.51,0.0,119
Q57K48,1.6303,81.52,0.0,211
O84826,1.6303,81.51,0.0,238
Q9WV78,1.6301,81.51,0.0,438
P18993,1.6301,81.51,0.0,146
P86391,1.6301,81.51,0.0,146
P02106,1.6301,81.51,0.0,146
Q0I7R0,1.6301,81.5,0.0,173
P09905,1.6301,81.51,0.0,146
P00312,1.6301,81.5,0.0,173
P0AFF3,1.63,81.5,0.0,400
A4GGB8,1.63,81.5,0.0,227
P63702,1.63,81.5,0.0,227
Q1IB51,1.63,81.5,0.0,400
O67122,1.6299,81.5,0.0,254
Q4G0S7,1.6299,81.5,0.0,254
Q6AKL2,1.6299,81.5,0.0,254
Q66GS9,1.6298,81.49,0.0,1140
Q1H1K6,1.6296,81.48,0.0,189
Q3SSM1,1.6296,81.48,0.0,108
P72509,1.6296,81.48,0.0,162
P03943,1.6296,81.48,0.0,162
Q9SZ74,1.6296,81.48,0.0,135
P48427,1.6296,81.48,0.0,108
Q52447,1.6296,81.48,0.0,162
Q2YYZ8,1.6296,81.48,0.0,108
P48428,1.6296,81.48,0.0,108
P80584,1.6296,81.48,0.0,108
Q6PEC1,1.6296,81.48,0.0,108
Q8K995,1.6296,81.48,0.0,189
Q65LE3,1.6296,81.48,0.0,270
P16282,1.6296,81.48,0.0,162
Q65MC6,1.6296,81.48,0.0,108
Q9K9A5,1.6296,81.48,0.0,108
Q2P2S3,1.6296,81.48,0.0,135
P35796,1.6296,81.48,0.0,162
Q2G3F4,1.6296,81.48,0.0,270
Q2W8K7,1.6296,81.48,0.0,108
P05730,1.6296,81.48,0.0,162
P39642,1.6294,81.47,0.0,394
Q329F4,1.6294,81.47,0.0,394
P40419,1.6294,81.47,0.0,286
P77307,1.6293,82.24,0.77,259
P57648,1.6293,81.46,0.0,410
P72973,1.6293,81.46,0.0,410
O34454,1.6293,81.46,0.0,205
A8GIT2,1.6293,81.46,0.0,205
Q56331,1.6293,81.47,0.0,259
Q88FY6,1.6293,81.46,0.0,437
P74369,1.6293,81.47,0.0,259
Q5UQA1,1.6292,81.46,0.0,356
Q2W025,1.6292,81.46,0.0,178
P02982,1.6291,81.45,0.0,399
A8YUY6,1.6291,81.46,0.0,151
B1J9Y3,1.6291,81.45,0.0,399
Q5FKJ8,1.6291,81.46,0.0,151
A0A194XK05,1.629,81.45,0.0,124
A0A023PYH5,1.629,81.45,0.0,124
B1KG50,1.629,81.45,0.0,124
D3ZH22,1.629,81.45,0.0,221
C0HJZ2,1.629,81.45,0.0,124
B3DU18,1.6289,81.44,0.0,194
Q2RFW3,1.6289,81.44,0.0,194
P23054,1.6288,81.44,0.0,458
I3M072,1.6288,81.44,0.0,264
Q5R7R1,1.6287,81.43,0.0,237
A1JPE9,1.6287,81.44,0.0,404
P55061,1.6287,81.43,0.0,237
Q9D2C7,1.6287,81.43,0.0,237
Q66RM2,1.6287,81.43,0.0,237
O07543,1.6286,83.29,1.86,377
Q9S3K0,1.6285,81.42,0.0,393
P93051,1.6285,81.43,0.0,463
Q5PLW2,1.6285,81.42,0.0,393
Q5BH14,1.6285,81.43,0.0,463
Q8NWQ5,1.6285,81.43,0.0,463
Q6G9C6,1.6285,81.43,0.0,463
Q8Z1Z8,1.6285,81.42,0.0,393
B4TY33,1.6285,81.42,0.0,393
A9MT38,1.6285,81.42,0.0,393
Q8BHZ0,1.6285,81.42,0.0,323
Q57J00,1.6285,81.42,0.0,393
P39141,1.6285,81.42,0.0,393
A1L3G4,1.6284,81.42,0.0,296
Q8RII2,1.6284,81.42,0.0,183
Q23444,1.6284,81.42,0.0,522
A8FTV8,1.6284,81.42,0.0,183
P27844,1.6284,81.42,0.0,296
Q6C3V4,1.6283,81.42,0.0,452
Q0T8J4,1.6283,81.41,0.0,382
A7ZJW9,1.6283,81.41,0.0,382
P24326,1.6282,81.41,0.0,425
P15605,1.6282,81.41,0.0,156
A8AP55,1.6281,81.41,0.0,398
A9MRL9,1.6281,81.41,0.0,398
Q03477,1.6281,81.4,0.0,285
P05731,1.6279,81.4,0.0,172
P72508,1.6279,81.4,0.0,172
Q929T6,1.6279,81.4,0.0,129
A1BJH0,1.6279,81.4,0.0,129
P96664,1.6279,81.4,0.0,430
P08214,1.6279,81.4,0.0,172
Q22616,1.6279,81.4,0.0,129
Q93LK8,1.6278,81.39,0.0,360
B6VMU9,1.6278,82.41,1.02,489
B0LJC9,1.6278,81.39,0.0,403
A6L8E9,1.6277,81.38,0.0,188
P55571,1.6277,81.38,0.0,419
P02083,1.6276,81.38,0.0,145
Q9ZH29,1.6276,81.38,0.0,145
P02081,1.6276,81.38,0.0,145
P02082,1.6276,81.38,0.0,145
P02070,1.6276,81.38,0.0,145
P67819,1.6276,81.38,0.0,145
O34436,1.6276,81.38,0.0,333
P04245,1.6276,81.38,0.0,145
P04346,1.6276,81.38,0.0,145
P21380,1.6276,81.38,0.0,145
Q2NWR3,1.6276,81.38,0.0,145
Q927U4,1.6276,81.38,0.0,145
P02072,1.6276,81.38,0.0,145
Q68W71,1.6275,81.37,0.0,408
Q92GV3,1.6275,81.37,0.0,408
Q6G398,1.6275,81.37,0.0,102
C6ADP9,1.6275,81.37,0.0,102
Q9Z2P8,1.6275,81.37,0.0,102
A9IUM6,1.6275,81.37,0.0,102
Q6FZY1,1.6275,81.37,0.0,102
Q7NP97,1.6275,81.37,0.0,102
A0RMD8,1.6275,81.37,0.0,102
Q21YB7,1.6275,81.37,0.0,102
B8EIM7,1.6275,81.37,0.0,102
C5CT10,1.6275,81.37,0.0,102
P73009,1.6274,81.37,0.0,263
E9Q9F7,1.6274,81.37,0.0,977
P28555,1.6273,81.37,0.0,161
O68966,1.6273,81.37,0.0,161
P20292,1.6273,81.37,0.0,161
P51261,1.6273,81.37,0.0,161
P28556,1.6273,81.37,0.0,161
P50515,1.6273,81.37,0.0,161
P00319,1.6273,81.37,0.0,161
P31413,1.6273,81.37,0.0,161
P16570,1.6273,81.37,0.0,161
P00314,1.6273,81.37,0.0,161
P06112,1.6273,81.37,0.0,161
P80555,1.6273,81.37,0.0,161
P0C566,1.6272,81.36,0.0,397
B5XUP3,1.6272,81.36,0.0,397
A7MR37,1.6272,81.36,0.0,397
B7LRC4,1.6272,81.36,0.0,397
A6TDH1,1.6272,81.36,0.0,397
B5QU11,1.6272,81.36,0.0,397
Q5PC58,1.6272,81.36,0.0,397
A9MWE8,1.6272,81.36,0.0,397
A4WE10,1.6272,81.36,0.0,397
Q631P3,1.6271,81.36,0.0,118
P29948,1.6271,81.36,0.0,177
O75348,1.6271,81.36,0.0,118
Q6HBI2,1.6271,81.36,0.0,118
P08271,1.6271,81.36,0.0,118
P79251,1.6271,81.36,0.0,118
P11393,1.6271,81.36,0.0,177
Q9CR51,1.6271,81.36,0.0,118
Q81XC0,1.6271,81.36,0.0,118
Q815R5,1.6271,81.36,0.0,118
A0R5K5,1.627,81.35,0.0,504
Q3SWA8,1.6269,81.34,0.0,268
Q07UC1,1.6269,81.34,0.0,268
O34883,1.6269,81.34,0.0,134
A4G1Y9,1.6268,81.34,0.0,284
P32369,1.6268,81.34,0.0,477
O51808,1.6267,81.33,0.0,150
P0DN38,1.6266,81.33,0.0,316
B4TI40,1.6265,81.32,0.0,257
Q96IK0,1.6265,81.32,0.0,257
Q5RFN8,1.6265,81.32,0.0,257
P65411,1.6265,81.32,0.0,257
B7N0I9,1.6265,81.32,0.0,257
D6YXE8,1.6264,81.32,0.0,273
Q09835,1.6264,81.32,0.0,182
P0DPS5,1.6264,81.32,0.0,273
O32521,1.6264,81.32,0.0,182
Q6UXH0,1.6263,81.31,0.0,198
B7MWZ0,1.6263,81.32,0.0,471
P94577,1.6263,81.31,0.0,396
A7ZNQ0,1.6263,81.32,0.0,471
A1ACT2,1.6263,81.32,0.0,471
A8AEE4,1.6263,81.32,0.0,471
P44615,1.6262,81.31,0.0,412
P26171,1.6262,81.31,0.0,428
Q67PE4,1.6262,81.31,0.0,107
Q29218,1.6262,81.31,0.0,107
A3M5Z2,1.6262,81.31,0.0,107
Q53P54,1.6262,81.31,0.0,428
A4ZUE1,1.6262,81.31,0.0,107
P75683,1.6261,81.3,0.0,460
Q06142,1.626,81.3,0.0,861
Q5JF03,1.626,81.3,0.0,123
Q9V0X2,1.626,81.3,0.0,123
O06493,1.626,81.3,0.0,492
A8AAZ9,1.626,81.3,0.0,123
Q83BD3,1.6259,81.29,0.0,278
Q9ULJ1,1.6258,81.29,0.0,636
Q7VA61,1.6257,81.29,0.0,171
Q7A4V2,1.6257,81.82,0.53,374
A6VQU4,1.6257,81.28,0.0,187
Q2SIP7,1.6256,81.28,0.0,203
O67701,1.6256,81.28,0.0,219
Q8INZ2,1.6256,81.28,0.0,390
P44610,1.6256,81.28,0.0,438
Q1PFG9,1.6255,81.27,0.0,502
Q9XBG0,1.6255,81.28,0.0,235
O34931,1.6255,81.28,0.0,235
Q8XLK5,1.6255,81.27,0.0,251
Q9NYW4,1.6254,81.27,0.0,299
P59542,1.6254,81.94,0.67,299
Q645Z9,1.6254,81.94,0.67,299
Q646D5,1.6254,81.27,0.0,299
Q646A4,1.6254,81.27,0.0,299
A0A6P6DKR7,1.6254,81.27,0.0,299
Q5Y4Z5,1.6254,81.94,0.67,299
Q646E6,1.6254,81.27,0.0,299
F4IK01,1.6254,81.27,0.0,299
P0DUY4,1.6254,81.27,0.0,299
P0AE17,1.6253,81.26,0.0,491
O84697,1.625,81.25,0.0,224
P00315,1.625,81.25,0.0,160
A4VVT7,1.625,81.25,0.0,112
A6Q4S3,1.625,81.25,0.0,128
A9IU75,1.625,81.25,0.0,128
P35011,1.625,81.25,0.0,176
O31833,1.625,81.25,0.0,160
P54486,1.625,81.25,0.0,160
Q7N475,1.625,81.25,0.0,256
P0AER7,1.625,81.25,0.0,224
Q2FPH2,1.625,81.25,0.0,192
Q16AM6,1.625,81.25,0.0,176
Q2P4S8,1.625,81.25,0.0,112
O26024,1.6248,81.24,0.0,533
Q9UYV6,1.6247,81.23,0.0,405
Q00547,1.6247,81.23,0.0,794
P55647,1.6247,81.23,0.0,405
Q645U8,1.6246,81.23,0.0,309
P37485,1.6246,81.23,0.0,309
Q9LVD9,1.6245,81.23,0.0,506
A0ZZ47,1.6245,81.22,0.0,229
Q9A1B9,1.6245,81.22,0.0,229
Q70XZ1,1.6245,81.22,0.0,229
Q2L922,1.6245,81.22,0.0,229
Q5JDN5,1.6245,81.23,0.0,277
Q9CBS6,1.6245,81.22,0.0,245
Q57685,1.6245,81.23,0.0,277
O27479,1.6243,81.22,0.0,181
Q9KRE2,1.6243,81.22,0.0,181
A5F7I4,1.6243,81.22,0.0,181
Q7YWV6,1.6243,81.22,0.0,181
A3QF78,1.6243,81.22,0.0,181
A1S7I6,1.6243,81.22,0.0,181
Q66KE8,1.6243,81.22,0.0,559
Q8RFZ3,1.6243,81.21,0.0,346
P40730,1.6243,81.22,0.0,543
Q2YY45,1.6242,81.21,0.0,463
C0Z7G8,1.6242,81.21,0.0,149
A7X2C6,1.6242,81.21,0.0,463
Q5HFY7,1.6242,81.21,0.0,463
Q6GGX2,1.6242,81.21,0.0,463
Q2FH03,1.6242,81.21,0.0,463
Q6CT28,1.6242,81.21,0.0,165
P0C646,1.6242,81.21,0.0,298
P64552,1.6242,81.21,0.0,149
P23529,1.6242,81.21,0.0,298
Q5HQJ2,1.6241,81.2,0.0,133
P75035,1.6241,81.2,0.0,133
A3PCQ0,1.6241,81.2,0.0,266
F7HUS6,1.6241,81.2,0.0,266
Q72Y02,1.6241,81.2,0.0,133
Q8A294,1.624,81.47,0.27,734
Q5HND0,1.6239,81.2,0.0,117
Q6GFR9,1.6239,81.2,0.0,117
P61383,1.6239,81.2,0.0,117
Q2FXE5,1.6239,81.2,0.0,117
Q6G8E7,1.6239,81.2,0.0,117
Q5HEZ2,1.6239,81.2,0.0,117
Q63ZG0,1.6239,81.19,0.0,335
B0K9W9,1.6239,81.2,0.0,117
O57953,1.6238,81.19,0.0,202
B3PFQ6,1.6238,81.19,0.0,202
Q5X1B7,1.6238,81.19,0.0,101
A4ITI0,1.6238,81.19,0.0,101
Q21JR8,1.6238,81.19,0.0,202
Q15YQ2,1.6238,81.19,0.0,202
A1SSY7,1.6238,81.19,0.0,202
Q6DGZ3,1.6238,81.19,0.0,202
P19742,1.6238,81.19,0.0,101
Q12QK2,1.6238,81.19,0.0,202
A8KB59,1.6238,81.19,0.0,202
C5BII5,1.6238,81.19,0.0,202
Q00244,1.6238,81.19,0.0,101
Q2S2L3,1.6238,81.19,0.0,101
Q5KUK3,1.6238,81.19,0.0,101
P45268,1.6238,81.19,0.0,420
A1U1Y9,1.6238,81.19,0.0,202
P80703,1.6237,81.18,0.0,186
P96668,1.6237,81.18,0.0,287
Q8MIT6,1.6236,81.18,0.0,441
Q37679,1.6235,81.18,0.0,255
P63342,1.6235,81.17,0.0,409
A6UWS5,1.6235,81.18,0.0,255
O19896,1.6235,81.18,0.0,170
B5F8I5,1.6234,81.17,0.0,393
I3R9Z2,1.6234,81.17,0.0,154
Q2HJI3,1.6232,81.16,0.0,138
B0BN94,1.6232,81.16,0.0,138
Q754Q7,1.6232,81.16,0.0,552
Q39IU8,1.6232,81.16,0.0,276
Q0BHM0,1.6232,81.16,0.0,276
Q44116,1.6232,81.16,0.0,207
B2FNG8,1.623,81.15,0.0,191
A6ZMC4,1.623,81.15,0.0,504
B4SNQ6,1.623,81.15,0.0,191
Q2RL34,1.623,81.15,0.0,122
P0AAD4,1.6228,81.14,0.0,403
P43768,1.6228,81.14,0.0,228
Q6QD59,1.6228,81.14,0.0,228
Q8VHI8,1.6228,81.14,0.0,228
Q05367,1.6226,81.13,0.0,159
Q9KVF1,1.6225,81.13,0.0,302
P9WPD9,1.6224,81.12,0.0,429
P9WPD8,1.6224,81.12,0.0,429
B9DMY6,1.6223,82.45,1.33,376
Q17QT7,1.6223,81.11,0.0,323
O05087,1.6222,81.11,0.0,397
B2V6N8,1.6222,81.11,0.0,180
Q9VD74,1.6222,81.11,0.0,397
A4ITJ3,1.6222,81.11,0.0,180
P37169,1.6221,81.11,0.0,524
B7NCB3,1.6221,81.1,0.0,471
O34878,1.6221,81.11,0.0,217
Q646F3,1.6221,81.43,0.33,307
O94327,1.622,81.1,0.0,164
O32064,1.622,83.46,2.36,127
Q0T6N5,1.622,81.1,0.0,127
B7NLY4,1.622,81.1,0.0,127
B7N9N0,1.622,81.1,0.0,127
B1IYI2,1.622,81.1,0.0,127
C4ZWB3,1.622,81.1,0.0,127
A7ZJ12,1.622,81.1,0.0,127
P29947,1.622,81.1,0.0,164
B7MRR2,1.622,81.1,0.0,127
A5IL48,1.622,81.1,0.0,127
P11392,1.622,81.1,0.0,164
Q7SZ78,1.6219,81.09,0.0,201
Q6AYX5,1.6218,81.09,0.0,825
Q4J8K2,1.6218,81.09,0.0,275
P35894,1.6216,81.08,0.0,185
P59988,1.6216,81.08,0.0,111
O05219,1.6216,81.08,0.0,111
A6LVG3,1.6216,81.08,0.0,111
Q0WJC2,1.6216,81.08,0.0,148
O28476,1.6216,81.08,0.0,333
Q8PI34,1.6216,81.08,0.0,111
Q3BQN4,1.6216,81.08,0.0,111
Q8TIQ3,1.6216,81.08,0.0,111
Q50047,1.6216,81.08,0.0,222
Q5YTG0,1.6216,81.08,0.0,111
O35152,1.6216,81.08,0.0,111
P60949,1.6216,81.08,0.0,296
B7UFS0,1.6216,81.08,0.0,111
O51798,1.6215,81.07,0.0,428
P0DMM0,1.6215,81.07,0.0,317
Q8GFA2,1.6214,82.1,1.03,486
P70775,1.6214,81.07,0.0,206
Q9ZF37,1.6214,81.07,0.0,280
P81003,1.6214,81.07,0.0,243
O68967,1.6213,81.07,0.0,169
Q9V6H2,1.6213,81.07,0.0,375
Q9X4A5,1.6213,81.07,0.0,507
P45290,1.6213,81.07,0.0,338
Q9FNC1,1.6212,81.06,0.0,491
P87287,1.6212,81.06,0.0,132
A0L190,1.6212,81.06,0.0,396
B1ZQR7,1.6212,81.06,0.0,132
Q8EA87,1.6212,81.06,0.0,396
Q464W5,1.6212,81.06,0.0,132
Q9STY0,1.6211,81.06,0.0,227
Q30X24,1.6211,81.05,0.0,190
B1WSD1,1.6211,82.25,1.2,417
Q7WFU2,1.6211,81.06,0.0,322
Q31DM4,1.6211,81.05,0.0,285
P02920,1.6211,81.06,0.0,417
Q9ZJC8,1.621,81.05,0.0,533
Q74JJ0,1.621,81.05,0.0,343
Q81BL7,1.6209,81.05,0.0,153
Q8XD10,1.6209,81.04,0.0,211
P11667,1.6209,81.04,0.0,211
Q8FE55,1.6209,81.04,0.0,211
P30354,1.6209,81.05,0.0,153
Q38WU8,1.6209,81.05,0.0,153
B4T5G7,1.6209,81.04,0.0,211
C0PY41,1.6209,81.04,0.0,211
Q5PJI9,1.6209,81.04,0.0,211
B5F5J1,1.6209,81.04,0.0,211
B5QXJ3,1.6209,81.04,0.0,211
B4TV35,1.6209,81.04,0.0,211
A9N3Q1,1.6209,81.04,0.0,211
Q91F84,1.6207,81.03,0.0,116
Q5KWE9,1.6207,81.03,0.0,116
Q9KR66,1.6206,81.03,0.0,427
Q7LXU6,1.6205,81.03,0.0,195
P56874,1.6205,81.03,0.0,195
Q4FZC9,1.6205,81.03,0.0,975
P81327,1.6204,81.02,0.0,137
Q92DI5,1.6204,81.02,0.0,137
P0AA79,1.6204,81.02,0.0,432
Q2RTE2,1.6204,81.02,0.0,274
Q9KFL5,1.6204,81.02,0.0,274
P55062,1.6203,81.01,0.0,237
A6QI28,1.6203,81.55,0.53,374
Q55147,1.6203,81.01,0.0,395
Q8XWS4,1.6202,81.01,0.0,258
A4VWI6,1.6202,81.01,0.0,574
B7MRM9,1.6202,81.01,0.0,416
A7ZIX5,1.6202,81.01,0.0,416
A4W2T8,1.6202,81.01,0.0,574
B7NLV2,1.6202,81.01,0.0,416
Q8X534,1.6202,81.01,0.0,416
B2TTF0,1.6202,81.01,0.0,416
C4ZV37,1.6202,81.01,0.0,416
Q32IX8,1.6202,81.01,0.0,416
Q324V2,1.6202,81.01,0.0,416
B4UJU5,1.6201,81.01,0.0,179
O34573,1.6201,81.01,0.0,358
Q2IHP6,1.6201,81.01,0.0,179
B4EZ50,1.62,81.0,0.0,100
B3E9V9,1.62,81.0,0.0,100
A9B6Y3,1.62,81.0,0.0,100
A6TBW5,1.62,81.0,0.0,100
Q6GJ42,1.62,81.0,0.0,100
A8GH07,1.62,81.0,0.0,100
B2TW60,1.62,81.0,0.0,100
Q7MA40,1.62,81.0,0.0,100
B2V983,1.62,81.0,0.0,100
Q3YZT1,1.62,81.0,0.0,100
B3PY50,1.62,81.0,0.0,100
Q2K3V1,1.62,81.0,0.0,100
Q2NSK8,1.62,81.0,0.0,100
C6E8M5,1.62,81.0,0.0,100
B5EFF3,1.62,81.0,0.0,100
A7NPD9,1.62,81.0,0.0,100
A6UFL3,1.62,81.0,0.0,100
O28985,1.62,81.0,0.0,100
Q5HRA7,1.62,81.0,0.0,100
B5EZK0,1.62,81.0,0.0,100
C3MEY7,1.62,81.0,0.0,100
Q9EV71,1.62,81.0,0.0,100
P06260,1.62,81.0,0.0,100
Q8K9X8,1.62,81.0,0.0,100
A7GW60,1.62,81.0,0.0,100
Q89AT7,1.62,81.0,0.0,100
A8Z6E7,1.62,81.0,0.0,100
B2VIN4,1.62,81.0,0.0,100
Q057W6,1.62,81.0,0.0,100
Q7VRW1,1.62,81.0,0.0,100
A7MPB7,1.62,81.0,0.0,100
B5RDY5,1.62,81.0,0.0,400
B4TGR4,1.62,81.0,0.0,400
A4WCQ8,1.62,81.0,0.0,100
C1D0I1,1.62,81.0,0.0,100
A7WZ82,1.62,81.0,0.0,100
Q1IZW3,1.62,81.0,0.0,100
A1JLI8,1.62,81.0,0.0,100
B5QWU1,1.62,81.0,0.0,400
Q49VH4,1.62,81.0,0.0,100
Q4L448,1.62,81.0,0.0,100
Q93HU4,1.62,81.0,0.0,521
B5F4V3,1.62,81.0,0.0,400
Q7N2J6,1.62,81.0,0.0,100
Q6D2S6,1.62,81.0,0.0,100
C6C9P6,1.62,81.0,0.0,100
B4T502,1.62,81.0,0.0,400
A8ADW0,1.62,81.0,0.0,100
A9N3H7,1.62,81.0,0.0,400
B4TUM8,1.62,81.0,0.0,400
Q8Z407,1.62,81.0,0.0,400
C5B8H7,1.62,81.0,0.0,100
A7FGR3,1.62,81.0,0.0,100
C6CEF6,1.62,81.0,0.0,100
B8J1D0,1.62,81.0,0.0,100
Q492I5,1.62,81.0,0.0,100
P59363,1.62,81.0,0.0,200
P03914,1.6199,81.0,0.0,221
Q9LVP9,1.6199,81.0,0.0,221
P65719,1.6199,81.0,0.0,221
O31814,1.6198,80.99,0.0,121
Q4L7C3,1.6198,80.99,0.0,121
P0C5U2,1.6198,80.99,0.0,121
A0A1B7YCX1,1.6198,80.99,0.0,242
Q9S5X0,1.6198,81.13,0.14,726
P0C5U3,1.6198,80.99,0.0,121
Q3YPZ0,1.6198,80.99,0.0,121
P0C5U1,1.6198,80.99,0.0,121
Q20P38,1.6198,80.99,0.0,121
O59098,1.6198,80.99,0.0,121
A1XJK0,1.6197,80.99,0.0,142
P80285,1.6196,80.98,0.0,184
A1B616,1.6196,80.98,0.0,184
Q54GD8,1.6196,80.98,0.0,184
P57839,1.6196,80.98,0.0,184
P11390,1.6196,80.98,0.0,163
Q9W0S8,1.6196,80.98,0.0,163
P00307,1.6196,80.98,0.0,163
Q6BSB9,1.6196,80.98,0.0,163
Q9K4D7,1.6196,80.98,0.0,184
Q3ZBK5,1.6196,80.98,0.0,184
P07121,1.6196,80.98,0.0,163
B1JNR4,1.6195,80.98,0.0,205
A7FF08,1.6195,80.98,0.0,205
A1JPP8,1.6195,80.98,0.0,205
Q8X625,1.6195,80.98,0.0,389
P77389,1.6195,80.98,0.0,389
Q2J2D8,1.6194,80.97,0.0,268
Q21C73,1.6194,80.97,0.0,268
P60940,1.6194,80.97,0.0,268
Q89WH1,1.6194,80.97,0.0,268
O03700,1.619,80.95,0.0,231
Q9ZUT3,1.619,81.68,0.73,273
O03701,1.619,80.95,0.0,231
P59334,1.619,81.15,0.2,504
Q9A4T3,1.619,80.95,0.0,210
Q0T8F4,1.619,81.15,0.2,504
Q9D3P8,1.619,80.95,0.0,147
O29397,1.619,80.95,0.0,126
P72604,1.619,80.95,0.0,210
P92623,1.619,80.95,0.0,231
B6EGU9,1.619,80.95,0.0,126
Q8XDQ5,1.619,80.95,0.0,105
O69279,1.619,80.95,0.0,105
Q8FAL8,1.619,80.95,0.0,105
B2UXE0,1.619,80.95,0.0,252
P13326,1.619,80.95,0.0,105
Q45XH6,1.619,80.95,0.0,147
P56285,1.619,80.95,0.0,147
Q45XI5,1.619,80.95,0.0,147
Q45XI4,1.619,80.95,0.0,147
O66624,1.619,80.95,0.0,378
Q8KAQ4,1.619,80.95,0.0,126
Q7W9D1,1.619,80.95,0.0,126
P84611,1.619,80.95,0.0,147
P29626,1.619,80.95,0.0,147
B4EY98,1.6189,82.38,1.43,488
A3KNK1,1.6188,80.94,0.0,341
B5F683,1.6187,80.93,0.0,257
Q5PMU9,1.6187,80.93,0.0,257
A7ZRS2,1.6187,80.93,0.0,257
Q32BU5,1.6187,80.93,0.0,257
D5RAW5,1.6187,80.94,0.0,299
Q645T6,1.6187,81.61,0.67,299
A3MXH2,1.6187,80.94,0.0,278
O16259,1.6187,80.94,0.0,320
Q646E4,1.6187,81.61,0.67,299
Q645U0,1.6187,80.94,0.0,299
P59544,1.6187,81.61,0.67,299
G5CBM7,1.6187,80.94,0.0,299
Q646A1,1.6187,81.61,0.67,299
B7LQB7,1.6187,80.93,0.0,257
B7UIV3,1.6187,80.93,0.0,257
Q0T0L8,1.6187,80.93,0.0,257
A9MPX1,1.6187,80.93,0.0,257
B7NJQ3,1.6187,80.93,0.0,257
O31695,1.6186,80.93,0.0,430
P44659,1.6186,80.93,0.0,215
P45598,1.6186,80.93,0.0,472
Q9YBS3,1.6186,80.93,0.0,194
P0AE25,1.6186,80.93,0.0,472
Q0K843,1.6186,80.93,0.0,430
Q5N4S8,1.6185,80.92,0.0,173
P37489,1.6184,80.92,0.0,435
O34864,1.6184,80.92,0.0,414
A5ULR8,1.6184,80.92,0.0,283
Q58026,1.6184,80.92,0.0,435
M1VJS5,1.6183,80.91,0.0,241
Q1J3F4,1.6183,80.92,0.0,131
B1KWP0,1.6182,80.91,0.0,110
Q48LG7,1.6182,80.91,0.0,110
B1II81,1.6182,80.91,0.0,110
B2HEY1,1.6182,80.91,0.0,110
C3L0E8,1.6182,80.91,0.0,110
Q9X2N9,1.6182,80.91,0.0,110
C5D8T9,1.6182,80.91,0.0,110
Q4K8K4,1.6182,80.91,0.0,110
Q3K8R2,1.6182,80.91,0.0,110
Q4ZPY9,1.6182,80.91,0.0,110
A7GG38,1.6182,80.91,0.0,110
P37104,1.6182,80.91,0.0,110
Q886F1,1.6182,80.91,0.0,110
A4XRP6,1.6182,80.91,0.0,110
P64784,1.6181,80.91,0.0,419
O07881,1.6181,80.9,0.0,288
Q6P643,1.6181,80.9,0.0,199
Q6D2A9,1.618,80.9,0.0,466
Q68XS5,1.618,80.9,0.0,178
P68509,1.6179,80.89,0.0,246
A8WGS4,1.6179,80.89,0.0,246
P37597,1.6179,80.89,0.0,403
Q9ZIJ1,1.6178,80.89,0.0,450
A4W8S1,1.6178,80.89,0.0,382
Q0D2E8,1.6178,80.89,0.0,539
Q8L616,1.6177,80.89,0.0,497
P46838,1.6177,80.89,0.0,429
P60946,1.6177,80.89,0.0,293
Q5HJA6,1.6177,80.89,0.0,293
Q2ND79,1.6176,80.88,0.0,136
Q8UC06,1.6176,80.88,0.0,204
Q4UMU2,1.6176,80.88,0.0,408
Q8R235,1.6176,80.88,0.0,136
B3WCK5,1.6176,80.88,0.0,272
P37467,1.6176,80.88,0.0,204
A3DHS8,1.6176,80.88,0.0,272
Q0TRK3,1.6175,80.88,0.0,251
A0KNW8,1.6175,80.87,0.0,183
Q084P1,1.6175,80.87,0.0,183
Q97KG9,1.6175,80.87,0.0,183
Q12233,1.6174,80.87,0.0,115
P51057,1.6174,80.87,0.0,115
A6V1N7,1.6174,80.87,0.0,115
Q9LYT3,1.6174,80.87,0.0,507
B7VBM9,1.6174,80.87,0.0,115
Q8YCQ8,1.6174,80.87,0.0,115
Q02R28,1.6174,80.87,0.0,115
Q54715,1.6173,80.86,0.0,162
Q36699,1.6173,80.86,0.0,162
Q52452,1.6173,80.86,0.0,162
Q02182,1.6173,80.86,0.0,162
P11394,1.6173,80.86,0.0,162
Q4G3A0,1.6173,80.86,0.0,162
P0AAF2,1.6173,80.87,0.0,439
O57249,1.6173,80.86,0.0,162
P81313,1.6173,80.86,0.0,162
P0ADA0,1.6173,80.87,0.0,439
O19910,1.6173,80.86,0.0,162
P31037,1.6173,80.86,0.0,162
P27288,1.6173,80.86,0.0,162
P00306,1.6173,80.86,0.0,162
Q2G1N0,1.6172,80.86,0.0,418
P37948,1.6171,80.86,0.0,444
A0A067XMT5,1.617,80.85,0.0,141
Q65W61,1.617,80.85,0.0,188
Q3ECP7,1.617,80.85,0.0,470
A1URU4,1.617,80.85,0.0,188
Q214E8,1.617,80.85,0.0,141
A1A3E3,1.617,80.85,0.0,188
A6H239,1.6169,80.84,0.0,261
Q58437,1.6169,80.84,0.0,308
Q96DY2,1.6169,80.85,0.0,449
P75810,1.6169,80.85,0.0,402
Q4ZY49,1.6169,80.85,0.0,402
Q48N46,1.6169,80.85,0.0,402
P81919,1.6168,80.84,0.0,381
E6WMH4,1.6168,80.84,0.0,167
Q58117,1.6168,80.84,0.0,214
Q3IH20,1.6167,80.83,0.0,120
O66504,1.6167,80.84,0.0,407
P40420,1.6167,80.84,0.0,287
P0DB50,1.6167,80.84,0.0,287
Q5X9A4,1.6167,80.84,0.0,287
Q9XD50,1.6166,80.83,0.0,193
Q4UP19,1.6166,80.83,0.0,193
Q2SL19,1.6165,80.83,0.0,266
A8G4L8,1.6165,80.83,0.0,266
Q1GR76,1.6165,80.83,0.0,266
Q8XP36,1.6165,80.83,0.0,339
P15166,1.6164,80.82,0.0,146
Q68RJ5,1.6164,80.82,0.0,683
P02026,1.6164,80.82,0.0,146
P15449,1.6164,80.82,0.0,146
P67823,1.6164,80.82,0.0,146
P16418,1.6164,80.82,0.0,146
P02031,1.6164,80.82,0.0,146
P02107,1.6164,80.82,0.0,146
P02055,1.6164,80.82,0.0,146
P07406,1.6164,80.82,0.0,146
P02033,1.6164,80.82,0.0,146
P02058,1.6164,80.82,0.0,146
B3EWD8,1.6164,80.82,0.0,146
B3EWC8,1.6164,80.82,0.0,146
P14391,1.6164,80.82,0.0,146
P14524,1.6164,80.82,0.0,146
P0AAC7,1.6164,80.82,0.0,219
P18990,1.6164,80.82,0.0,146
P21667,1.6164,80.82,0.0,146
P02029,1.6164,80.82,0.0,146
P07415,1.6164,80.82,0.0,146
P04246,1.6164,80.82,0.0,146
P02126,1.6164,80.82,0.0,146
P02108,1.6164,80.82,0.0,146
B3EWE4,1.6164,80.82,0.0,146
P18707,1.6164,80.82,0.0,146
P02086,1.6164,80.82,0.0,146
P08259,1.6164,80.82,0.0,146
P19016,1.6164,80.82,0.0,146
P11752,1.6164,80.82,0.0,146
Q9FK28,1.6164,80.82,0.0,219
P04252,1.6164,80.82,0.0,146
P02050,1.6164,80.82,0.0,146
P02030,1.6164,80.82,0.0,146
P26916,1.6164,80.82,0.0,146
P02066,1.6164,80.82,0.0,146
P02059,1.6164,80.82,0.0,146
P02051,1.6164,80.82,0.0,146
P02028,1.6164,80.82,0.0,146
P02064,1.6164,80.82,0.0,146
P23018,1.6164,80.82,0.0,146
P33499,1.6164,80.82,0.0,146
P02046,1.6164,80.82,0.0,146
P02035,1.6164,80.82,0.0,146
P45722,1.6164,80.82,0.0,146
P45721,1.6164,80.82,0.0,146
P02130,1.6164,80.82,0.0,146
P07869,1.6164,80.82,0.0,365
P02047,1.6164,80.82,0.0,146
P82345,1.6164,80.82,0.0,146
P02097,1.6164,80.82,0.0,146
Q52446,1.6163,80.81,0.0,172
Q36698,1.6163,80.81,0.0,172
P20777,1.6163,80.81,0.0,172
Q54714,1.6163,80.81,0.0,172
P28558,1.6163,80.81,0.0,172
Q8XC49,1.6162,80.81,0.0,396
A1AHK2,1.6162,80.81,0.0,396
P44535,1.6162,80.81,0.0,396
A5UFU0,1.6162,80.81,0.0,396
Q0TB40,1.6162,80.81,0.0,396
B7UMD5,1.6162,80.81,0.0,396
B2KD05,1.616,80.8,0.0,125
A3N3P2,1.6159,80.8,0.0,276
Q67ES9,1.6159,81.79,0.99,302
A3NYA9,1.6159,80.8,0.0,276
A0K593,1.6159,80.8,0.0,276
Q59038,1.6158,80.79,0.0,177
Q112Z4,1.6158,80.79,0.0,177
O94578,1.6158,80.79,0.0,177
A9MQH4,1.6158,80.79,0.0,505
A7FFD2,1.6158,80.79,0.0,406
Q2JHS8,1.6158,81.53,0.74,406
A0A075B5G2,1.6158,80.79,0.0,177
B0KHT9,1.6158,80.79,0.0,203
O33453,1.6158,80.79,0.0,203
O58374,1.6158,80.79,0.0,406
P56783,1.6157,80.79,0.0,229
Q49KY6,1.6157,80.79,0.0,229
A1XFW7,1.6157,80.79,0.0,229
P0DA10,1.6157,80.79,0.0,229
Q5XDQ1,1.6157,80.79,0.0,229
Q8D922,1.6157,80.78,0.0,255
P13924,1.6157,80.79,0.0,458
Q645Y3,1.6156,80.78,0.0,307
P59536,1.6156,80.78,0.0,307
Q6F207,1.6154,80.77,0.0,104
A4RC22,1.6154,80.77,0.0,130
A6TG76,1.6154,80.77,0.0,286
Q8KA12,1.6154,80.77,0.0,364
A7IP97,1.6154,80.77,0.0,104
P0ABG0,1.6154,80.77,0.0,182
Q57N57,1.6154,80.77,0.0,182
Q5PI18,1.6154,80.77,0.0,182
P47234,1.6154,80.77,0.0,416
O25823,1.6154,80.77,0.0,130
B2UUY7,1.6154,80.77,0.0,130
Q7MZY0,1.6154,80.77,0.0,104
Q322L9,1.6154,80.77,0.0,182
Q1CS38,1.6154,80.77,0.0,130
B6JN65,1.6154,80.77,0.0,130
Q9ZK01,1.6154,80.77,0.0,130
P39222,1.6154,80.77,0.0,130
O34718,1.6152,80.76,0.0,473
Q92GI5,1.6152,80.76,0.0,499
B7MNP7,1.6151,80.95,0.2,504
Q04746,1.6151,80.75,0.0,504
P59335,1.6151,80.95,0.2,504
B7M0D7,1.6151,80.95,0.2,504
Q32K57,1.6151,80.95,0.2,504
A7ZHD1,1.6151,80.95,0.2,504
B7LWN1,1.6151,80.95,0.2,504
B7NHE4,1.6151,80.95,0.2,504
Q0VQH0,1.6151,80.75,0.0,265
B6HYZ1,1.6151,80.95,0.2,504
B7UI86,1.6151,80.95,0.2,504
Q8XA30,1.6151,80.95,0.2,504
Q9Y123,1.6151,80.76,0.0,556
Q6G889,1.615,81.28,0.53,374
Q6UDP9,1.6149,80.75,0.0,161
P30355,1.6149,80.75,0.0,161
Q2W8K5,1.6149,80.75,0.0,644
P00317,1.6149,80.75,0.0,161
Q2PG08,1.6149,80.75,0.0,161
Q02924,1.6149,80.75,0.0,161
Q148F2,1.6149,80.75,0.0,161
Q6UDP8,1.6149,80.75,0.0,161
Q99PE4,1.6148,80.74,0.0,135
E9Q1U1,1.6148,80.74,0.0,1324
Q81V21,1.6148,80.74,0.0,270
A1JRV7,1.6148,80.74,0.0,135
P62461,1.6148,80.74,0.0,270
P0A0J8,1.6148,80.74,0.0,514
Q8VZT3,1.6147,80.74,0.0,462
B7V7I2,1.6147,80.73,0.0,109
Q318B0,1.6147,80.73,0.0,109
Q5WFN0,1.6147,80.73,0.0,109
Q33752,1.6147,80.73,0.0,109
B7GTW5,1.6146,80.73,0.0,192
P54559,1.6146,80.73,0.0,410
P17583,1.6146,80.73,0.0,384
Q1GB63,1.6145,80.73,0.0,275
Q4UN85,1.6145,80.72,0.0,498
Q84XI3,1.6144,80.72,0.0,389
P52625,1.6143,80.72,0.0,223
Q87QJ4,1.6143,80.71,0.0,140
Q9VZW8,1.6143,80.71,0.0,420
A3CQ79,1.6143,80.71,0.0,280
G2JZ41,1.6143,80.72,0.0,223
P0AC97,1.6143,80.72,0.0,446
Q4FVS9,1.6142,80.71,0.0,197
P23910,1.6142,80.71,0.0,394
Q8VNJ8,1.6142,80.71,0.0,197
A0A1X9QDU4,1.6142,80.71,0.0,254
Q9PJJ8,1.614,80.7,0.0,456
P48836,1.614,80.7,0.0,114
O84548,1.614,80.7,0.0,456
A4K526,1.614,80.7,0.0,114
Q1WS52,1.614,80.7,0.0,114
Q46IH8,1.614,80.7,0.0,114
P48244,1.614,80.7,0.0,228
Q3KCB8,1.614,80.7,0.0,114
Q88UI3,1.614,80.7,0.0,285
Q5QYQ7,1.6139,80.69,0.0,202
Q48478,1.6139,80.69,0.0,259
Q9CM87,1.6139,80.69,0.0,404
Q48475,1.6139,80.69,0.0,259
Q47BZ8,1.6139,80.69,0.0,202
Q604Z9,1.6139,80.69,0.0,202
B7UZU1,1.6139,80.69,0.0,202
C6BWF6,1.6139,80.69,0.0,202
A5WBL5,1.6139,80.69,0.0,202
Q3IHN9,1.6139,80.69,0.0,202
Q5FVL4,1.6139,80.69,0.0,202
P02073,1.6138,80.69,0.0,145
P02075,1.6138,80.69,0.0,145
P02077,1.6138,80.69,0.0,145
Q2Y5S3,1.6138,80.69,0.0,290
Q9ZJP6,1.6138,80.69,0.0,145
P58412,1.6138,80.69,0.0,145
P09422,1.6138,80.69,0.0,145
C6DBD0,1.6137,80.69,0.0,466
Q00538,1.6137,80.69,0.0,466
Q52877,1.6135,80.68,0.0,533
P44278,1.6134,80.67,0.0,238
Q88X65,1.6134,80.67,0.0,119
Q5E9C3,1.6134,80.67,0.0,119
O43805,1.6134,80.67,0.0,119
Q9JJ94,1.6134,80.67,0.0,119
B8F792,1.6133,80.67,0.0,150
Q60SZ2,1.6133,80.66,0.0,181
P0DUY6,1.6133,80.67,0.0,300
P0DOB2,1.6133,80.67,0.0,150
Q7VMB8,1.6133,80.67,0.0,150
P52600,1.6133,80.66,0.0,512
Q29RB1,1.6133,80.67,0.0,781
A0A0E3D8Q2,1.6132,80.66,0.0,243
Q9VU27,1.6132,80.66,0.0,393
P76242,1.6132,80.66,0.0,393
Q6FEB4,1.6131,80.66,0.0,274
Q8A6G5,1.6131,80.65,0.0,336
Q4JUJ6,1.6129,80.65,0.0,186
Q2XWL3,1.6129,80.65,0.0,403
O94302,1.6129,80.65,0.0,527
P37785,1.6129,80.65,0.0,124
Q46IH7,1.6129,80.65,0.0,124
B9MAB3,1.6129,80.65,0.0,186
F1SEC0,1.6129,80.65,0.0,186
O27765,1.6129,80.65,0.0,217
Q0VLM2,1.6129,80.65,0.0,186
Q755K3,1.6129,80.65,0.0,124
P0DUI5,1.6129,80.65,0.0,310
P14498,1.6129,80.65,0.0,186
Q45461,1.6129,80.65,0.0,217
Q04338,1.6129,80.65,0.0,217
Q7VPN2,1.6129,80.65,0.0,124
P09836,1.6128,80.64,0.0,439
Q0WQ63,1.6128,80.64,0.0,470
Q03MN6,1.6127,80.63,0.0,284
A6SUU0,1.6127,80.63,0.0,284
B7MHL0,1.6126,80.63,0.0,382
Q8ZGC3,1.6126,80.63,0.0,382
Q2FZT9,1.6126,80.63,0.0,191
C4ZQ24,1.6126,80.63,0.0,382
B7NAP9,1.6126,80.63,0.0,382
Q0TJF2,1.6126,80.63,0.0,382
Q9SEL5,1.6126,80.63,0.0,222
Q9RYZ2,1.6126,80.63,0.0,222
B7UMY7,1.6126,80.63,0.0,382
A8AII1,1.6126,80.63,0.0,382
Q53174,1.6126,80.63,0.0,253
B1JRE9,1.6126,80.63,0.0,382
B7NM77,1.6126,80.63,0.0,382
P56949,1.6125,80.62,0.0,320
P07325,1.6125,80.62,0.0,160
O29740,1.6125,80.62,0.0,289
Q3AUE0,1.6124,80.62,0.0,129
P47685,1.6124,80.62,0.0,547
P61390,1.6124,80.62,0.0,129
Q6GIB9,1.6124,80.62,0.0,129
Q8EMX2,1.6124,80.62,0.0,129
Q8WYA0,1.6124,80.62,0.0,676
P45394,1.6123,81.23,0.62,325
Q11WJ0,1.6122,80.61,0.0,263
A6T515,1.6122,80.61,0.0,196
P9WPD6,1.6121,80.61,0.0,428
P44776,1.6121,81.31,0.7,428
Q58386,1.612,80.6,0.0,366
Q1QRR2,1.6119,80.6,0.0,268
B6JCL3,1.6119,80.6,0.0,268
Q8Z9L1,1.6119,80.79,0.2,505
P11551,1.6119,80.59,0.0,438
B0R632,1.6119,80.6,0.0,536
A4YJM2,1.6119,80.6,0.0,268
A2Z5D8,1.6119,80.6,0.0,134
Q81XB6,1.6119,80.6,0.0,134
B5F753,1.6119,80.79,0.2,505
B5RGA7,1.6119,80.79,0.2,505
Q57TI7,1.6119,80.79,0.2,505
A1JKW8,1.6119,80.6,0.0,469
Q5PIN5,1.6119,80.79,0.2,505
Q5ZY60,1.6119,80.6,0.0,134
Q5WZ32,1.6119,80.6,0.0,134
Q5X7N1,1.6119,80.6,0.0,134
Q46378,1.6119,80.6,0.0,536
Q6DE21,1.6119,80.6,0.0,335
Q13ES7,1.6119,80.6,0.0,268
P44927,1.6118,80.59,0.0,510
P0DSE0,1.6118,80.59,0.0,304
C3K222,1.6117,80.58,0.0,206
Q54K74,1.6117,80.58,0.0,206
Q645V3,1.6117,81.55,0.97,309
C1D4X7,1.6117,80.59,0.0,273
Q3MB02,1.6117,80.58,0.0,103
Q47HG6,1.6117,80.58,0.0,103
P93280,1.6117,80.58,0.0,206
Q96ES6,1.6117,80.58,0.0,412
Q645Z6,1.6117,81.55,0.97,309
Q9KDR3,1.6117,81.12,0.53,376
Q9CX13,1.6115,80.58,0.0,139
Q92HQ3,1.6115,80.58,0.0,417
Q6P3N5,1.6115,80.58,0.0,139
Q3T126,1.6115,80.58,0.0,139
Q9P003,1.6115,80.58,0.0,139
A6VHU1,1.6115,80.58,0.0,278
O31561,1.6115,80.58,0.0,417
Q3ZIZ8,1.6114,80.57,0.0,175
B2UNX8,1.6114,80.57,0.0,175
P07561,1.6114,80.57,0.0,458
Q8HTL5,1.6114,80.57,0.0,175
Q6PC29,1.6113,80.57,0.0,247
Q0ZAI3,1.6113,80.88,0.31,319
P68252,1.6113,80.57,0.0,247
P56882,1.6112,80.56,0.0,535
C4ZXQ4,1.6111,80.56,0.0,396
Q8FBX9,1.6111,80.56,0.0,396
Q24NH4,1.6111,80.56,0.0,108
Q24PU6,1.6111,80.56,0.0,108
Q56408,1.6111,80.56,0.0,108
O67167,1.6111,80.56,0.0,144
P52159,1.6111,80.56,0.0,144
A6LSW5,1.6111,80.56,0.0,252
P49858,1.6111,80.56,0.0,144
Q5RDB5,1.6111,80.56,0.0,144
Q3YWE6,1.6111,80.56,0.0,396
Q31US4,1.6111,80.56,0.0,396
Q7VQX3,1.6111,80.56,0.0,108
Q8E2K6,1.6111,80.56,0.0,288
B2V5I7,1.6111,80.56,0.0,252
P14805,1.6111,80.56,0.0,144
Q5BIN6,1.6111,80.56,0.0,144
Q2W252,1.6111,80.56,0.0,108
B1KH27,1.6109,80.54,0.0,257
Q91VP7,1.6109,80.54,0.0,257
Q4R9C9,1.6109,80.54,0.0,221
Q9BRV3,1.6109,80.54,0.0,221
A4WEI1,1.6109,80.54,0.0,257
Q95KW8,1.6109,80.54,0.0,221
Q0SGP5,1.6108,80.54,0.0,185
O05333,1.6108,80.54,0.0,185
Q9DA73,1.6108,80.54,0.0,370
O67526,1.6108,80.54,0.0,185
B1XJW1,1.6108,82.02,1.48,406
Q58507,1.6107,80.54,0.0,149
Q9LCB5,1.6107,80.53,0.0,524
P38055,1.6106,80.53,0.0,452
P27749,1.6106,80.53,0.0,113
O28475,1.6106,80.53,0.0,226
O31444,1.6106,80.53,0.0,416
Q1B913,1.6106,80.53,0.0,113
A6L3M0,1.6105,80.53,0.0,190
Q8FTH1,1.6105,80.53,0.0,190
O03778,1.6104,80.52,0.0,231
P56998,1.6104,80.52,0.0,154
P0A0R2,1.6104,80.52,0.0,154
O03704,1.6104,80.52,0.0,231
O03807,1.6104,80.52,0.0,231
P92503,1.6104,80.52,0.0,231
Q9HWF9,1.6104,80.52,0.0,154
P92492,1.6104,80.52,0.0,231
P77930,1.6104,80.52,0.0,154
O03707,1.6104,80.52,0.0,231
O03763,1.6104,80.52,0.0,231
P92681,1.6104,80.52,0.0,231
A7ZQ23,1.6103,80.51,0.0,195
Q0T1S8,1.6103,80.51,0.0,195
Q31XQ6,1.6103,80.51,0.0,195
A1AEA8,1.6103,80.51,0.0,195
A5WBC5,1.6103,80.51,0.0,195
A8A390,1.6103,80.51,0.0,195
Q8XA19,1.6103,80.51,0.0,195
P62724,1.6103,80.52,0.0,349
P9WMC6,1.6103,80.51,0.0,195
Q5XGW0,1.6102,80.51,0.0,118
A4QNE9,1.6102,80.51,0.0,118
P08269,1.6102,80.51,0.0,118
P08275,1.6102,80.51,0.0,118
P37501,1.6101,80.5,0.0,159
Q45131,1.6101,80.5,0.0,159
Q8YGH4,1.61,81.89,1.39,718
Q8G1E6,1.61,81.89,1.39,718
P22225,1.61,80.5,0.0,600
Q8YJF3,1.61,80.5,0.0,200
Q5ZI04,1.6099,80.5,0.0,323
B4SDS7,1.6099,80.5,0.0,282
Q04917,1.6098,80.49,0.0,246
B6YVW0,1.6098,80.49,0.0,123
D2TBH1,1.6098,81.5,1.02,492
B7GF17,1.6098,81.3,0.81,369
Q7UZM6,1.6098,80.49,0.0,123
Q837B5,1.6098,80.49,0.0,287
Q9KVK7,1.6098,80.49,0.0,205
O49843,1.6098,80.49,0.0,164
Q9P3E4,1.6098,81.3,0.81,123
B8CTT5,1.6098,80.49,0.0,287
Q02036,1.6098,80.49,0.0,164
P20778,1.6098,80.49,0.0,164
P0DH92,1.6098,80.49,0.0,164
A7SPE8,1.6098,80.49,0.0,164
B8DRQ3,1.6096,80.48,0.0,251
O82752,1.6096,80.48,0.0,502
Q2W1R5,1.6094,80.47,0.0,128
O67939,1.6094,80.47,0.0,256
B3EKJ5,1.6094,80.47,0.0,128
Q6AP26,1.6094,80.47,0.0,128
P0AEJ1,1.6094,80.47,0.0,512
Q0K020,1.6094,80.47,0.0,256
Q9JKT3,1.6094,80.47,0.0,297
P54417,1.6094,80.47,0.0,512
Q05B45,1.6093,80.47,0.0,343
A6TBH6,1.6093,80.47,0.0,471
Q7M723,1.6093,81.79,1.32,302
B5XPB7,1.6093,80.47,0.0,471
Q8S2T0,1.6091,80.46,0.0,788
Q8ECH6,1.609,80.45,0.0,133
Q12KC1,1.609,80.45,0.0,266
O32115,1.6089,80.45,0.0,404
Q8TWS9,1.6089,80.44,0.0,271
Q8DLP5,1.6089,80.45,0.0,179
P55705,1.6089,80.45,0.0,404
P44660,1.6089,80.44,0.0,271
Q93AK1,1.6088,80.44,0.0,501
A7Z830,1.6087,80.43,0.0,276
P40532,1.6087,80.43,0.0,138
A4WNY9,1.6087,80.43,0.0,184
A3PN82,1.6087,80.43,0.0,184
Q3IZ15,1.6087,80.43,0.0,184
Q6A8C3,1.6087,80.43,0.0,184
B0KWC3,1.6087,80.43,0.0,184
Q9CR98,1.6087,80.43,0.0,138
P0ABV0,1.6087,80.43,0.0,230
Q7XA64,1.6086,80.43,0.0,327
Q8CWZ1,1.6085,80.43,0.0,281
A8MC59,1.6085,80.43,0.0,281
A8ZZT5,1.6085,80.42,0.0,189
B1YK80,1.6085,81.22,0.79,378
A0LDW8,1.6085,80.42,0.0,189
A7KAK1,1.6084,80.42,0.0,429
Q9V439,1.6084,80.42,0.0,143
Q32KL9,1.6083,80.42,0.0,240
Q39A42,1.6082,80.41,0.0,194
Q2P8R3,1.6082,80.41,0.0,194
A0B2F5,1.6082,80.41,0.0,194
B4EHJ0,1.6082,80.41,0.0,194
A9AN01,1.6082,80.41,0.0,194
A4JJG4,1.6082,80.41,0.0,194
B1Z032,1.6082,80.41,0.0,194
Q3BMJ1,1.6082,80.41,0.0,194
Q8PEZ6,1.6082,80.41,0.0,194
O67637,1.6081,80.41,0.0,148
Q8KWS7,1.6081,80.41,0.0,393
Q24JQ0,1.6081,80.41,0.0,296
Q8KWT2,1.6081,80.41,0.0,393
Q8ZGS9,1.6081,80.41,0.0,444
Q8C3B8,1.6081,80.41,0.0,541
Q58713,1.608,80.4,0.0,398
O14046,1.608,80.4,0.0,199
P0C0L8,1.608,80.4,0.0,500
P64904,1.608,80.4,0.0,199
Q68W11,1.608,80.4,0.0,500
A8ALR3,1.6079,80.59,0.2,505
B1ZRS3,1.6078,80.39,0.0,102
A0LEQ5,1.6078,80.39,0.0,102
Q67P12,1.6078,80.39,0.0,102
P0DUZ1,1.6078,80.39,0.0,306
J3QPZ5,1.6078,80.39,0.0,306
P02983,1.6078,80.39,0.0,459
A1USX7,1.6078,80.39,0.0,102
O67388,1.6078,80.39,0.0,102
C6DFG2,1.6078,80.39,0.0,204
F1SVE0,1.6078,80.39,0.0,102
Q6D090,1.6078,80.39,0.0,204
O82803,1.6078,80.39,0.0,204
B9L175,1.6078,80.39,0.0,102
Q30PI9,1.6078,80.39,0.0,102
Q8YT42,1.6078,80.39,0.0,102
Q8VNW3,1.6077,80.39,0.0,775
P68253,1.6076,80.38,0.0,158
Q7M2U8,1.6076,80.38,0.0,316
O32107,1.6076,80.38,0.0,158
P0DN41,1.6076,80.38,0.0,316
P0DN39,1.6076,80.38,0.0,316
Q73V87,1.6075,80.37,0.0,107
Q67KP3,1.6075,80.37,0.0,107
O87866,1.6075,80.37,0.0,107
A6TBB2,1.6075,80.37,0.0,107
P42306,1.6075,80.37,0.0,428
P69927,1.6075,80.37,0.0,107
Q1QZ92,1.6075,80.38,0.0,265
B8NWW7,1.6075,80.38,0.0,479
Q9CBP1,1.6075,80.37,0.0,107
Q6MGN5,1.6075,80.37,0.0,107
P45108,1.6074,80.37,0.0,163
B2UL32,1.6074,80.37,0.0,270
P09221,1.6074,80.37,0.0,163
Q3M9V7,1.6074,80.37,0.0,163
Q8ZLD6,1.6074,81.6,1.23,489
P20776,1.6074,80.37,0.0,163
Q81HV4,1.6074,80.37,0.0,270
Q32AW5,1.6074,81.6,1.23,489
Q5HNH0,1.6074,80.37,0.0,163
P12410,1.6074,80.37,0.0,163
Q40608,1.6074,80.37,0.0,163
Q48262,1.6073,80.36,0.0,331
P39835,1.6073,80.37,0.0,438
O34437,1.6073,80.36,0.0,275
B7LN63,1.6073,80.37,0.0,382
Q9ZM74,1.6073,80.36,0.0,331
O28519,1.6073,80.37,0.0,219
Q9W2P0,1.6071,80.35,0.0,565
Q0SSA6,1.6071,80.36,0.0,112
A1RC71,1.6071,80.36,0.0,112
Q9VLM5,1.6071,80.36,0.0,112
P0A1K3,1.6071,80.36,0.0,112
Q9CQG6,1.6071,80.36,0.0,224
Q0TPN9,1.6071,80.36,0.0,112
Q9X889,1.6071,80.36,0.0,112
Q8XJP2,1.6071,80.36,0.0,112
Q75JB5,1.6071,80.36,0.0,112
P36890,1.607,80.35,0.0,458
Q6EW41,1.607,80.35,0.0,229
P0A4K7,1.607,80.35,0.0,458
P14877,1.6069,80.35,0.0,173
P07120,1.6069,80.35,0.0,173
Q9ZK41,1.6069,80.34,0.0,407
O25788,1.6069,80.34,0.0,407
P00310,1.6069,80.35,0.0,173
P94392,1.6068,80.34,0.0,473
Q25532,1.6068,80.34,0.0,117
B0K1V2,1.6068,80.34,0.0,117
Q7M721,1.6068,82.03,1.69,295
Q8R9W9,1.6068,80.34,0.0,117
P55580,1.6068,80.34,0.0,117
Q049D3,1.6068,80.34,0.0,117
P0C5U4,1.6068,80.34,0.0,117
Q9CDF7,1.6068,80.34,0.0,295
P35897,1.6068,80.34,0.0,234
P0C9J2,1.6068,80.34,0.0,117
B7JUB6,1.6067,81.53,1.2,417
P44579,1.6067,80.33,0.0,300
Q4L3Q9,1.6066,80.33,0.0,122
Q7A1P4,1.6066,80.33,0.0,122
Q2YS64,1.6066,80.33,0.0,122
Q9HTR0,1.6066,80.33,0.0,488
Q92H49,1.6066,80.33,0.0,122
Q5HRG3,1.6066,80.33,0.0,122
C0QC85,1.6064,80.32,0.0,188
P35899,1.6064,80.72,0.4,249
A6W7G5,1.6064,80.32,0.0,188
Q6GPW4,1.6064,80.32,0.0,188
P25185,1.6064,80.32,0.0,437
P39602,1.6063,80.31,0.0,127
Q5WJQ2,1.6063,80.31,0.0,127
Q58886,1.6063,80.31,0.0,127
A6QA78,1.6063,80.31,0.0,254
Q9WXM8,1.6063,80.31,0.0,127
B0RYW0,1.6062,80.31,0.0,193
Q2RXQ8,1.6062,80.31,0.0,193
A5FQH9,1.6062,80.31,0.0,193
P08194,1.6062,80.31,0.0,452
Q6MN26,1.6062,80.31,0.0,325
P50847,1.6061,80.3,0.0,330
B1Y854,1.6061,80.3,0.0,264
C5BRP6,1.6061,80.3,0.0,264
Q8R1L8,1.6061,80.3,0.0,198
Q89YX1,1.6061,80.3,0.0,330
O29315,1.6061,80.3,0.0,132
O06473,1.6061,80.3,0.0,396
A5EUU4,1.6059,80.3,0.0,203
Q5JHX4,1.6059,80.3,0.0,406
Q1GY95,1.6059,80.3,0.0,269
P44747,1.6059,80.3,0.0,406
P54449,1.6058,80.29,0.0,208
P61386,1.6058,80.29,0.0,137
Q6HBI3,1.6058,80.29,0.0,137
Q631P4,1.6058,80.29,0.0,137
Q3K3N4,1.6057,80.29,0.0,279
C6A2C9,1.6057,80.29,0.0,279
Q8E7M0,1.6057,80.29,0.0,279
Q2A564,1.6056,80.28,0.0,284
Q7UWS1,1.6056,80.28,0.0,213
O58728,1.6056,80.28,0.0,355
Q0BNI0,1.6056,80.28,0.0,284
Q9PLN5,1.6056,80.28,0.0,426
Q2W8R0,1.6056,80.28,0.0,431
Q14HY6,1.6056,80.28,0.0,284
A0Q4X3,1.6056,80.28,0.0,284
Q9RQ29,1.6055,80.28,0.0,507
O34606,1.6055,80.28,0.0,218
P02087,1.6054,80.27,0.0,147
P68230,1.6054,80.27,0.0,147
P68224,1.6054,80.27,0.0,147
Q6WN27,1.6054,80.27,0.0,147
P02067,1.6054,80.27,0.0,147
P13557,1.6054,80.27,0.0,147
P68871,1.6054,80.27,0.0,147
Q6H1U7,1.6054,80.27,0.0,147
P68226,1.6054,80.27,0.0,147
Q6WN25,1.6054,80.27,0.0,147
P61773,1.6054,80.27,0.0,147
Q28338,1.6054,80.27,0.0,147
Q28356,1.6054,80.27,0.0,147
Q5XLE5,1.6054,80.27,0.0,147
P18994,1.6054,80.27,0.0,147
P02101,1.6054,80.27,0.0,147
P68078,1.6054,80.27,0.0,147
P11025,1.6054,80.27,0.0,147
P08223,1.6054,80.27,0.0,147
P19760,1.6054,80.27,0.0,147
Q95238,1.6054,80.27,0.0,147
P02094,1.6054,80.27,0.0,147
Q9TSP1,1.6054,80.27,0.0,147
Q6LDH0,1.6054,80.27,0.0,147
Q45XI7,1.6054,80.27,0.0,147
P02042,1.6054,80.27,0.0,147
P02024,1.6054,80.27,0.0,147
Q6WN26,1.6054,80.27,0.0,147
Q9KSA1,1.6054,80.27,0.0,223
P18983,1.6054,80.27,0.0,147
Q6WN20,1.6054,80.27,0.0,147
Q645U4,1.6054,80.6,0.33,299
P04443,1.6054,80.27,0.0,147
Q646F1,1.6054,80.94,0.67,299
Q1AGS6,1.6054,80.27,0.0,147
P80946,1.6054,80.27,0.0,147
P84206,1.6054,80.27,0.0,147
P11517,1.6054,80.27,0.0,147
P02136,1.6054,80.27,0.0,147
P68068,1.6054,80.27,0.0,147
P08225,1.6054,80.27,0.0,147
Q9GJS7,1.6054,80.27,0.0,147
O77655,1.6054,80.27,0.0,147
Q03902,1.6054,80.27,0.0,147
Q45XI6,1.6054,80.27,0.0,147
Q45XI8,1.6054,80.27,0.0,147
P02102,1.6054,80.27,0.0,147
P62742,1.6054,80.27,0.0,147
P18995,1.6054,80.27,0.0,147
P68030,1.6054,80.27,0.0,147
Q28775,1.6054,80.27,0.0,147
P61920,1.6054,80.27,0.0,147
Q28496,1.6054,80.27,0.0,147
P81042,1.6054,80.27,0.0,147
Q28779,1.6054,80.27,0.0,147
P02214,1.6054,80.27,0.0,147
Q95190,1.6054,80.27,0.0,147
P61947,1.6054,80.27,0.0,147
P19886,1.6054,80.27,0.0,147
Q9LZM5,1.6053,80.26,0.0,152
Q05181,1.6053,80.27,0.0,451
Q14FE5,1.6053,80.26,0.0,228
Q5Y4Z8,1.6052,81.55,1.29,309
Q646F9,1.6052,81.23,0.97,309
D6JLP0,1.6051,80.25,0.0,157
P37207,1.6049,80.25,0.0,162
Q0ZHI5,1.6049,80.25,0.0,162
P50032,1.6049,80.25,0.0,162
P21068,1.6049,80.25,0.0,162
P28557,1.6049,80.25,0.0,162
P51378,1.6049,80.25,0.0,162
E3UBL6,1.6049,80.25,0.0,243
P00309,1.6049,80.25,0.0,162
Q5RG45,1.6048,80.24,0.0,1164
Q9BYW1,1.6048,80.24,0.0,496
P48348,1.6048,80.24,0.0,248
A3KGV1,1.6048,80.24,0.0,830
Q58208,1.6048,80.24,0.0,334
Q9Y874,1.6048,80.24,0.0,167
P03944,1.6047,80.23,0.0,172
P07119,1.6047,80.23,0.0,172
A7I0J2,1.6047,80.23,0.0,258
P37208,1.6047,80.23,0.0,172
A6Q4C4,1.6047,80.23,0.0,172
P50033,1.6047,80.23,0.0,172
P59859,1.6047,80.23,0.0,172
P35797,1.6047,80.23,0.0,172
Q8FFU1,1.6046,80.23,0.0,349
P60936,1.6046,80.23,0.0,263
O36004,1.6045,80.23,0.0,177
Q8VRZ2,1.6045,81.75,1.53,718
B2X1U6,1.6045,80.23,0.0,177
P94499,1.6045,80.23,0.0,440
Q2RPA7,1.6044,80.22,0.0,182
Q5UNZ7,1.6044,80.22,0.0,182
Q754F0,1.6044,80.22,0.0,182
Q9LHD9,1.6043,80.21,0.0,374
Q94KE0,1.6043,80.21,0.0,470
A4G0P3,1.6043,80.22,0.0,278
A9A8Y7,1.6043,80.22,0.0,278
A4W3V2,1.6043,80.22,0.0,278
Q9V8K2,1.6043,80.22,0.0,738
C6AQL9,1.6043,80.22,0.0,278
Q971A3,1.6043,80.22,0.0,278
P81912,1.6042,80.21,0.0,379
A0A086F3E3,1.6042,80.21,0.0,192
Q5M6A1,1.6042,80.21,0.0,288
P0CT94,1.6042,80.21,0.0,379
Q58589,1.6042,80.21,0.0,283
Q5M1R0,1.6042,80.21,0.0,288
Q9VES1,1.6041,80.2,0.0,197
P33733,1.6041,80.2,0.0,394
Q6MS89,1.604,80.2,0.0,101
Q4A8W4,1.604,80.2,0.0,101
A4VMV0,1.604,80.2,0.0,202
Q82SE7,1.604,80.2,0.0,202
C1DR06,1.604,80.2,0.0,202
Q6FCI0,1.604,80.2,0.0,101
P40862,1.604,80.4,0.2,500
A4XSP7,1.604,80.2,0.0,202
A7HZV8,1.604,80.2,0.0,101
Q4FPV3,1.604,80.2,0.0,202
Q3A818,1.604,80.2,0.0,101
Q9LE20,1.6039,80.2,0.0,510
Q6B0X2,1.6038,80.19,0.0,106
A8XP14,1.6038,80.19,0.0,212
B0SFU2,1.6038,80.19,0.0,106
O06999,1.6038,80.19,0.0,106
Q96AJ9,1.6037,80.18,0.0,217
Q8X4J8,1.6036,80.18,0.0,111
B9E1H2,1.6036,80.18,0.0,111
O35153,1.6036,80.18,0.0,111
P0AA81,1.6036,80.18,0.0,444
P0AFM7,1.6036,80.18,0.0,222
C4K4T7,1.6036,80.18,0.0,111
P39879,1.6036,80.18,0.0,333
Q0SST2,1.6036,80.18,0.0,111
B7LM73,1.6036,80.18,0.0,111
Q8C1E7,1.6035,80.17,0.0,343
B7H705,1.6035,80.18,0.0,570
C3PBB5,1.6035,80.18,0.0,570
Q5HZE2,1.6035,80.17,0.0,343
F1QUP1,1.6035,80.18,0.0,227
Q94CI7,1.6034,80.17,0.0,474
Q8VRZ3,1.6034,81.86,1.69,711
Q88ZT8,1.6034,80.17,0.0,116
A2R065,1.6034,80.17,0.0,116
Q58472,1.6034,80.17,0.0,116
P36837,1.6033,81.39,1.23,489
P39570,1.6033,80.16,0.0,368
P69263,1.6033,80.17,0.0,121
Q0HD55,1.6033,80.17,0.0,121
P69269,1.6033,80.17,0.0,121
P0C2M0,1.6033,80.17,0.0,121
P30915,1.6033,80.17,0.0,121
Q910E4,1.6033,80.17,0.0,121
A4GCJ1,1.6033,80.17,0.0,121
Q7T356,1.6033,80.17,0.0,242
Q07FI0,1.6033,80.17,0.0,121
P0ABC1,1.6032,80.16,0.0,126
Q3M999,1.6032,80.16,0.0,252
Q9HT13,1.6032,80.16,0.0,126
Q6UFZ3,1.6032,80.16,0.0,247
P61981,1.6032,80.16,0.0,247
A9A506,1.6032,80.16,0.0,126
Q6PCG0,1.6032,80.16,0.0,247
Q5F3W6,1.6032,80.16,0.0,247
Q32GT9,1.6032,80.16,0.0,247
B9E675,1.6032,80.16,0.0,252
Q8YZS8,1.6032,80.16,0.0,252
Q6NRY9,1.6032,80.16,0.0,247
A7X6P6,1.6031,80.15,0.0,131
P77589,1.603,80.15,0.0,403
Q49WE5,1.603,80.15,0.0,398
Q72WF3,1.6029,80.14,0.0,277
Q1D823,1.6029,81.79,1.65,1395
Q5XH84,1.6029,80.15,0.0,136
Q57H01,1.6029,80.15,0.0,136
Q9V2P5,1.6029,80.14,0.0,277
Q9W2B1,1.6029,80.15,0.0,408
P14528,1.6029,80.15,0.0,136
O34686,1.6029,80.15,0.0,136
P0AFF4,1.6029,80.38,0.24,418
Q8K902,1.6029,80.15,0.0,413
Q8TBY8,1.6028,80.14,0.0,1007
P02006,1.6028,80.14,0.0,141
P16417,1.6028,80.14,0.0,141
Q6NE63,1.6028,80.14,0.0,428
P02080,1.6028,80.14,0.0,141
A8AYY7,1.6028,80.14,0.0,282
A1A4Q3,1.6028,80.14,0.0,141
P60951,1.6028,80.14,0.0,287
P68014,1.6027,80.14,0.0,146
P02032,1.6027,80.14,0.0,146
P02052,1.6027,80.14,0.0,146
P68015,1.6027,80.14,0.0,146
P02038,1.6027,80.14,0.0,146
B3EWD6,1.6027,80.14,0.0,146
B3EWD4,1.6027,80.14,0.0,146
C0HJT6,1.6027,80.14,0.0,146
P21668,1.6027,80.14,0.0,146
P02060,1.6027,80.14,0.0,146
P02090,1.6027,80.14,0.0,146
Q7M3C2,1.6027,80.14,0.0,146
P02129,1.6027,80.14,0.0,146
P60525,1.6027,80.14,0.0,146
P86919,1.6027,80.14,0.0,146
P68065,1.6027,80.14,0.0,146
P02040,1.6027,80.14,0.0,146
P68047,1.6027,80.14,0.0,146
P09907,1.6027,80.14,0.0,146
P09909,1.6027,80.14,0.0,146
P0C240,1.6027,80.14,0.0,146
P18989,1.6027,80.14,0.0,146
P02092,1.6027,80.14,0.0,146
P68044,1.6027,80.14,0.0,146
P23602,1.6027,80.14,0.0,146
P65651,1.6027,80.14,0.0,292
Q58047,1.6027,80.13,0.0,297
P02048,1.6027,80.14,0.0,146
P41328,1.6027,80.14,0.0,146
P10893,1.6027,80.14,0.0,146
P02085,1.6027,80.14,0.0,146
P68053,1.6027,80.14,0.0,146
P68050,1.6027,80.14,0.0,146
P24660,1.6027,80.14,0.0,146
P16309,1.6027,80.14,0.0,146
P02049,1.6027,80.14,0.0,146
P19646,1.6027,80.14,0.0,146
P18985,1.6027,80.14,0.0,146
P02084,1.6027,80.14,0.0,146
P68013,1.6027,80.14,0.0,146
P23741,1.6027,80.14,0.0,146
P02054,1.6027,80.14,0.0,146
P18991,1.6027,80.14,0.0,146
P02039,1.6027,80.14,0.0,146
P68054,1.6027,80.14,0.0,146
P10058,1.6027,80.14,0.0,146
P07412,1.6027,80.14,0.0,146
P02065,1.6027,80.14,0.0,146
P07433,1.6027,80.14,0.0,146
P02095,1.6027,80.14,0.0,146
P0C239,1.6027,80.14,0.0,146
P80216,1.6027,80.14,0.0,146
P18982,1.6027,80.14,0.0,146
P67822,1.6027,80.14,0.0,146
P80271,1.6027,80.14,0.0,146
P02131,1.6027,80.14,0.0,146
P02116,1.6027,80.14,0.0,146
Q10733,1.6027,80.14,0.0,146
P18988,1.6027,80.14,0.0,146
P14395,1.6026,80.13,0.0,151
O29347,1.6026,80.13,0.0,151
Q9CLN1,1.6026,80.13,0.0,156
A4J550,1.6026,80.13,0.0,151
B0UUJ2,1.6026,80.13,0.0,151
Q0I372,1.6026,80.13,0.0,151
B2G7H6,1.6026,80.13,0.0,151
P51262,1.6025,80.12,0.0,161
O68970,1.6025,80.12,0.0,161
D3V3D1,1.6025,81.35,1.23,488
P50031,1.6025,80.12,0.0,161
Q9TLS8,1.6025,80.12,0.0,161
B1XQM2,1.6025,80.12,0.0,161
O10299,1.6024,80.12,0.0,166
B6EIJ8,1.6024,80.12,0.0,166
A1JRI8,1.6024,81.34,1.22,493
Q1RGS8,1.6024,80.12,0.0,498
Q92JI6,1.6024,80.12,0.0,498
Q9TL15,1.6023,80.11,0.0,176
Q7D0Y8,1.6023,80.12,0.0,347
P34812,1.6023,80.12,0.0,171
A8LKH7,1.6022,80.11,0.0,186
O51039,1.6022,80.11,0.0,362
Q8ZGJ0,1.6022,80.11,0.0,362
O50843,1.6022,80.11,0.0,181
B1VFY3,1.6022,80.11,0.0,186
A1W6J1,1.6022,80.11,0.0,186
A1JMG4,1.6021,80.1,0.0,382
B9DML4,1.6021,80.1,0.0,191
H6LC29,1.602,80.61,0.51,196
Q5HQE8,1.602,80.1,0.0,397
Q888L8,1.602,80.1,0.0,407
B2JS87,1.602,80.1,0.0,196
P97227,1.602,80.1,0.0,196
Q01602,1.602,80.1,0.0,402
P39637,1.6019,80.1,0.0,412
Q8Z3B4,1.6019,80.1,0.0,206
V6F4W4,1.6019,80.09,0.0,648
P76576,1.6019,80.1,0.0,206
P52876,1.6019,80.1,0.0,206
Q0VQR4,1.6019,80.1,0.0,206
B0UY98,1.6019,80.09,0.0,216
Q9L6N6,1.6019,80.1,0.0,206
O58371,1.6018,80.09,0.0,226
Q9CXK4,1.6018,80.09,0.0,221
Q3IYX7,1.6018,80.09,0.0,221
O03727,1.6017,80.09,0.0,231
P92649,1.6017,80.09,0.0,231
O03710,1.6017,80.09,0.0,231
P92793,1.6017,80.09,0.0,231
P92794,1.6017,80.09,0.0,231
O03702,1.6017,80.09,0.0,231
O03772,1.6017,80.09,0.0,231
P20150,1.6017,80.09,0.0,231
P94422,1.6017,80.08,0.0,472
O03698,1.6017,80.09,0.0,231
P92494,1.6017,80.09,0.0,231
P54723,1.6017,80.08,0.0,482
Q9ZE15,1.6017,80.08,0.0,236
Q983A3,1.6017,81.63,1.54,713
O03697,1.6017,80.09,0.0,231
P10502,1.6016,80.08,0.0,502
B2UAJ1,1.6016,80.08,0.0,256
Q7M8Z9,1.6016,80.08,0.0,256
P39608,1.6016,80.08,0.0,256
Q10442,1.6015,80.08,0.0,266
Q9KCH9,1.6015,80.08,0.0,261
Q8EHD3,1.6015,80.08,0.0,266
B8EBV1,1.6015,80.08,0.0,266
B4RCI1,1.6015,80.08,0.0,266
B1KHE6,1.6015,80.08,0.0,266
Q898B8,1.6015,80.07,0.0,271
B2GDY8,1.6014,80.07,0.0,276
A5W499,1.6014,80.07,0.0,276
B0KUY1,1.6014,80.07,0.0,276
B6YW76,1.6014,80.07,0.0,276
Q07XN2,1.6014,80.07,0.0,286
Q3KD12,1.6014,80.07,0.0,276
A6WT76,1.6014,80.07,0.0,286
Q831R1,1.6014,80.07,0.0,276
Q0JJV0,1.6013,80.06,0.0,311
Q03247,1.6013,80.06,0.0,316
Q88TT1,1.6012,80.06,0.0,336
Q5HRT2,1.6012,80.06,0.0,331
O34840,1.6011,80.63,0.57,351
P32137,1.6009,80.04,0.0,461
P71345,1.6009,80.05,0.0,436
P96656,1.6009,80.05,0.0,436
D0ZGL2,1.6008,81.26,1.22,491
P94493,1.6008,80.04,0.0,471
B2UC26,1.6,80.0,0.0,190
Q7TR96,1.6,80.0,0.0,305
P0AGC9,1.6,80.0,0.0,110
P44528,1.6,80.0,0.0,185
P81002,1.6,80.0,0.0,125
B7J5W3,1.6,80.0,0.0,185
A4QE56,1.6,80.0,0.0,190
C5DWC4,1.6,80.0,0.0,160
P16552,1.6,80.0,0.0,425
O52718,1.6,80.0,0.0,425
Q9CMP4,1.6,80.0,0.0,150
Q9CNM5,1.6,80.0,0.0,220
P44477,1.6,80.0,0.0,220
Q6N356,1.6,80.0,0.0,110
Q5PNB4,1.6,80.0,0.0,195
B3QI59,1.6,80.0,0.0,110
Q7TQA8,1.6,80.0,0.0,305
P48329,1.6,80.0,0.0,180
Q13NG5,1.6,80.0,0.0,195
A0Q0Y5,1.6,80.0,0.0,115
Q40585,1.6,80.0,0.0,165
P59228,1.6,80.0,0.0,165
P68162,1.6,80.0,0.0,165
Q9W367,1.6,80.0,0.0,385
Q9M3T9,1.6,80.0,0.0,115
Q1GDE3,1.6,80.0,0.0,185
Q43434,1.6,80.0,0.0,165
B2TCK0,1.6,80.0,0.0,195
P9WFN8,1.6,80.0,0.0,110
Q96473,1.6,80.0,0.0,165
Q9L7R5,1.6,80.0,0.0,460
P31435,1.6,80.0,0.0,460
A5UVF9,1.6,80.0,0.0,100
P42619,1.6,80.0,0.0,130
P58769,1.6,80.0,0.0,215
B5Z8M0,1.6,80.0,0.0,130
Q1D350,1.6,80.0,0.0,140
A6VNG9,1.6,80.0,0.0,150
Q9PNU1,1.6,80.0,0.0,365
P96517,1.6,80.0,0.0,425
P37643,1.6,80.0,0.0,440
Q16G71,1.6,80.0,0.0,130
P0AC45,1.6,80.0,0.0,115
P23895,1.6,80.0,0.0,110
Q6ENG1,1.6,80.0,0.0,230
P22067,1.6,80.0,0.0,120
Q9PRA4,1.6,80.0,0.0,120
Q7NCS1,1.6,80.0,0.0,175
B7J7T5,1.6,80.0,0.0,105
P31474,1.6,80.0,0.0,475
Q96RB7,1.6,80.0,0.0,305
Q6NX65,1.6,80.0,0.0,210
C6BYL0,1.6,80.0,0.0,185
Q8X9A9,1.6,80.0,0.0,115
P25343,1.6,80.0,0.0,265
Q9VHQ7,1.6,80.26,0.26,390
Q9KTJ6,1.6,80.0,0.0,225
Q9RB37,1.6,80.0,0.0,265
Q38VP0,1.6,80.0,0.0,275
A0L9F4,1.6,80.0,0.0,270
Q47KF9,1.6,80.0,0.0,135
A7Z4L7,1.6,80.0,0.0,110
Q57L56,1.6,80.0,0.0,195
Q0DET3,1.6,80.0,0.0,135
Q6HCM8,1.6,80.0,0.0,570
B7HSI6,1.6,80.0,0.0,570
B7IK49,1.6,80.0,0.0,570
P58985,1.6,80.0,0.0,390
Q5HL70,1.6,80.0,0.0,130
A2Y6J9,1.6,80.0,0.0,145
Q22361,1.6,80.0,0.0,145
Q9HUH5,1.6,80.0,0.0,110
Q32RM1,1.6,80.0,0.0,100
Q75II4,1.6,80.0,0.0,145
Q9ZFB5,1.6,80.0,0.0,355
A2T385,1.6,80.0,0.0,100
Q8M9T9,1.6,80.0,0.0,100
Q1ACE7,1.6,80.0,0.0,100
A7ZC33,1.6,80.0,0.0,170
A9B7R3,1.6,80.0,0.0,110
Q01266,1.6,80.0,0.0,245
P76221,1.6,80.0,0.0,235
Q9SJL6,1.6,80.0,0.0,225
A7FDG9,1.6,80.0,0.0,135
A8GKC9,1.6,80.0,0.0,135
Q4FZW7,1.6,80.0,0.0,145
B7GGE5,1.6,80.0,0.0,110
O28720,1.6,80.0,0.0,270
Q3J7B5,1.6,80.0,0.0,265
A8AY51,1.5993,79.97,0.0,574
A9VKG1,1.5993,79.96,0.0,569
O07556,1.5992,79.96,0.0,489
B4EY22,1.5992,80.16,0.19,514
O35018,1.5992,79.96,0.0,479
Q6AYL9,1.5991,79.96,0.0,464
P70786,1.5991,79.96,0.0,449
Q54EW3,1.5989,79.94,0.0,1067
P81915,1.5989,79.95,0.0,379
Q646B9,1.5987,81.23,1.29,309
Q646E0,1.5987,81.23,1.29,309
Q646D3,1.5987,80.6,0.67,299
Q9NYW5,1.5987,80.6,0.67,299
Q646G6,1.5987,79.93,0.0,299
